,date,temperature_2m_max,temperature_2m_min,temperature_2m_mean
0,2020-01-01 05:00:00,39.305298,25.8953,31.936552
1,2020-01-02 05:00:00,41.555298,25.3553,33.121548
2,2020-01-03 05:00:00,43.4453,35.4353,41.026546
3,2020-01-04 05:00:00,41.555298,31.1153,37.26155
4,2020-01-05 05:00:00,38.7653,28.6853,35.506554
5,2020-01-06 05:00:00,41.1953,29.7653,36.845303
6,2020-01-07 05:00:00,41.1953,30.8453,38.154053
7,2020-01-08 05:00:00,46.1453,40.5653,44.034054
8,2020-01-09 05:00:00,50.2853,43.625298,47.476547
9,2020-01-10 05:00:00,51.0953,41.375298,46.1303
10,2020-01-11 05:00:00,43.0853,33.8153,38.787804
11,2020-01-12 05:00:00,45.1553,33.3653,40.572796
12,2020-01-13 05:00:00,44.6153,36.4253,40.59155
13,2020-01-14 05:00:00,51.0953,39.7553,48.316555
14,2020-01-15 05:00:00,53.8853,41.825302,49.801556
15,2020-01-16 05:00:00,49.2053,36.5153,41.0078
16,2020-01-17 05:00:00,46.9553,35.8853,41.315296
17,2020-01-18 05:00:00,44.3453,34.4453,39.384052
18,2020-01-19 05:00:00,41.6453,34.1753,38.07155
19,2020-01-20 05:00:00,38.3153,29.8553,35.3903
20,2020-01-21 05:00:00,41.6453,31.7453,35.9978
21,2020-01-22 05:00:00,42.4553,30.3953,37.362797
22,2020-01-23 05:00:00,41.6453,29.5853,35.682804
23,2020-01-24 05:00:00,38.0453,27.785301,32.667797
24,2020-01-25 05:00:00,36.5153,29.7653,33.042797
25,2020-01-26 05:00:00,36.0653,29.8553,33.294056
26,2020-01-27 05:00:00,46.9553,34.2653,42.155304
27,2020-01-28 05:00:00,47.4053,35.6153,40.3778
28,2020-01-29 05:00:00,42.5453,36.4253,38.96405
29,2020-01-30 05:00:00,49.5653,38.2253,43.1078
30,2020-01-31 05:00:00,51.9053,48.0353,50.127804
31,2020-02-01 05:00:00,52.7153,45.2453,49.501545
32,2020-02-02 05:00:00,47.2253,42.0953,44.292797
33,2020-02-03 05:00:00,49.6553,41.1953,44.8403
34,2020-02-04 05:00:00,43.7153,37.1453,39.747795
35,2020-02-05 05:00:00,40.6553,33.0953,36.1628
36,2020-02-06 05:00:00,42.2753,36.6953,40.8428
37,2020-02-07 05:00:00,44.8853,36.5153,41.266556
38,2020-02-08 05:00:00,46.9553,34.8053,41.0453
39,2020-02-09 05:00:00,54.875298,39.9353,49.55405
40,2020-02-10 05:00:00,47.6753,38.3153,42.354053
41,2020-02-11 05:00:00,43.625298,35.9753,39.207798
42,2020-02-12 05:00:00,42.7253,35.3453,38.802795
43,2020-02-13 05:00:00,42.6353,33.2753,38.907803
44,2020-02-14 05:00:00,43.7153,34.9853,39.00905
45,2020-02-15 05:00:00,48.3953,35.6153,43.8203
46,2020-02-16 05:00:00,60.7253,49.4753,54.7928
47,2020-02-17 05:00:00,51.9953,42.1853,47.064053
48,2020-02-18 05:00:00,46.505302,40.2053,43.0778
49,2020-02-19 05:00:00,44.2553,33.8153,39.766552
50,2020-02-20 05:00:00,44.5253,32.9153,41.37155
51,2020-02-21 05:00:00,45.9653,38.7653,42.79655
52,2020-02-22 05:00:00,52.625298,41.6453,46.9628
53,2020-02-23 05:00:00,44.7953,38.3153,42.1778
54,2020-02-24 05:00:00,48.6653,38.5853,43.505306
55,2020-02-25 05:00:00,49.6553,35.3453,43.644054
56,2020-02-26 05:00:00,39.9353,34.3553,36.309048
57,2020-02-27 05:00:00,42.2753,32.5553,36.5078
58,2020-02-28 05:00:00,44.9753,31.8353,38.2478
59,2020-02-29 05:00:00,53.3453,34.8953,45.669052
60,2020-03-01 05:00:00,49.9253,38.4053,43.3403
61,2020-03-02 05:00:00,48.3053,36.7853,42.00155
62,2020-03-03 05:00:00,43.8953,34.1753,39.331554
63,2020-03-04 05:00:00,46.3253,30.5753,38.1128
64,2020-03-05 05:00:00,50.1053,30.2153,42.1478
65,2020-03-06 05:00:00,45.6053,37.0553,41.049046
66,2020-03-07 05:00:00,43.9853,32.9153,39.054047
67,2020-03-08 05:00:00,49.7453,34.1753,43.704044
68,2020-03-09 05:00:00,50.0153,36.8753,43.29155
69,2020-03-10 05:00:00,51.185303,37.0553,45.264053
70,2020-03-11 05:00:00,53.8853,45.4253,49.6478
71,2020-03-12 05:00:00,54.4253,38.5853,46.591553
72,2020-03-13 05:00:00,48.755302,29.0453,41.116554
73,2020-03-14 05:00:00,44.1653,27.6053,36.297802
74,2020-03-15 05:00:00,52.4453,31.3853,42.864048
75,2020-03-16 05:00:00,60.005302,35.4353,46.479053
76,2020-03-17 05:00:00,58.2953,35.6153,48.27905
77,2020-03-18 05:00:00,60.2753,41.2853,51.6878
78,2020-03-19 05:00:00,56.3153,42.4553,48.732803
79,2020-03-20 05:00:00,48.0353,36.9653,43.010303
80,2020-03-21 05:00:00,42.5453,27.4253,36.2528
81,2020-03-22 05:00:00,40.8353,24.2753,32.994045
82,2020-03-23 05:00:00,40.7453,23.7353,31.569052
83,2020-03-24 05:00:00,43.5353,24.3653,34.044056
84,2020-03-25 05:00:00,46.505302,27.0653,36.785297
85,2020-03-26 05:00:00,49.7453,29.2253,41.817802
86,2020-03-27 05:00:00,58.5653,35.1653,45.63155
87,2020-03-28 05:00:00,56.4053,34.6253,44.922806
88,2020-03-29 05:00:00,41.1953,25.3553,34.044052
89,2020-03-30 05:00:00,37.6853,24.9053,32.60405
90,2020-03-31 05:00:00,38.8553,27.1553,33.3653
91,2020-04-01 05:00:00,47.3153,28.775301,40.4903
92,2020-04-02 05:00:00,48.3953,35.9753,44.517803
93,2020-04-03 05:00:00,49.9253,36.2453,43.44905
94,2020-04-04 05:00:00,52.3553,33.7253,42.436543
95,2020-04-05 05:00:00,59.1053,34.6253,48.7778
96,2020-04-06 05:00:00,68.1953,40.8353,53.202805
97,2020-04-07 05:00:00,65.4953,41.2853,53.46529
98,2020-04-08 05:00:00,69.6353,42.0053,55.205303
99,2020-04-09 05:00:00,63.6953,36.0653,50.94905
100,2020-04-10 05:00:00,58.385303,33.0053,46.820297
101,2020-04-11 05:00:00,57.5753,35.3453,46.790302
102,2020-04-12 05:00:00,71.2553,39.0353,57.057804
103,2020-04-13 05:00:00,49.3853,32.7353,42.43655
104,2020-04-14 05:00:00,49.6553,33.4553,43.9028
105,2020-04-15 05:00:00,58.2053,40.2953,48.60156
106,2020-04-16 05:00:00,62.165302,40.6553,52.250305
107,2020-04-17 05:00:00,60.5453,39.1253,50.491547
108,2020-04-18 05:00:00,61.085304,40.2953,50.784058
109,2020-04-19 05:00:00,55.0553,37.8653,47.079056
110,2020-04-20 05:00:00,58.6553,39.4853,49.587803
111,2020-04-21 05:00:00,61.985302,42.0053,52.141556
112,2020-04-22 05:00:00,64.6853,42.0953,54.035297
113,2020-04-23 05:00:00,68.735306,44.1653,56.99029
114,2020-04-24 05:00:00,70.8953,46.2353,57.672806
115,2020-04-25 05:00:00,57.5753,44.6153,51.807804
116,2020-04-26 05:00:00,62.9753,39.4853,53.120304
117,2020-04-27 05:00:00,71.1653,43.0853,58.584045
118,2020-04-28 05:00:00,72.6953,48.2153,60.24156
119,2020-04-29 05:00:00,62.7953,47.7653,54.252796
120,2020-04-30 05:00:00,63.5153,48.755302,56.851547
121,2020-05-01 05:00:00,62.165302,45.9653,54.207794
122,2020-05-02 05:00:00,59.735302,43.805298,50.7728
123,2020-05-03 05:00:00,58.2053,43.3553,51.2753
124,2020-05-04 05:00:00,54.7853,38.1353,47.000294
125,2020-05-05 05:00:00,53.435303,40.7453,46.53155
126,2020-05-06 05:00:00,60.9053,42.5453,51.991547
127,2020-05-07 05:00:00,60.4553,42.7253,50.937805
128,2020-05-08 05:00:00,68.8253,45.9653,57.06531
129,2020-05-09 05:00:00,71.2553,50.4653,61.587803
130,2020-05-10 05:00:00,74.585304,47.5853,63.552807
131,2020-05-11 05:00:00,48.0353,33.7253,41.664047
132,2020-05-12 05:00:00,52.0853,38.4953,46.5878
133,2020-05-13 05:00:00,56.4053,41.2853,49.1528
134,2020-05-14 05:00:00,57.3053,34.8953,47.49155
135,2020-05-15 05:00:00,58.2953,41.2853,50.975296
136,2020-05-16 05:00:00,58.2953,45.9653,53.270298
137,2020-05-17 05:00:00,63.6953,49.8353,57.26779
138,2020-05-18 05:00:00,70.1753,52.8053,60.012802
139,2020-05-19 05:00:00,65.6753,49.0253,57.114056
140,2020-05-20 05:00:00,68.1053,44.5253,57.45154
141,2020-05-21 05:00:00,67.9253,49.7453,59.720295
142,2020-05-22 05:00:00,72.6053,55.0553,64.11529
143,2020-05-23 05:00:00,66.3953,47.9453,58.2953
144,2020-05-24 05:00:00,61.085304,49.6553,54.69904
145,2020-05-25 05:00:00,57.0353,44.075302,51.530304
146,2020-05-26 05:00:00,66.5753,42.7253,56.3978
147,2020-05-27 05:00:00,69.4553,50.1953,61.272797
148,2020-05-28 05:00:00,66.8453,45.1553,56.532806
149,2020-05-29 05:00:00,67.2953,46.7753,57.879044
150,2020-05-30 05:00:00,62.7053,50.6453,57.050293
151,2020-05-31 05:00:00,70.5353,47.9453,59.442806
152,2020-06-01 05:00:00,74.1353,50.8253,62.66031
153,2020-06-02 05:00:00,79.5353,51.3653,67.31405
154,2020-06-03 05:00:00,75.1253,55.685303,65.67155
155,2020-06-04 05:00:00,76.3853,54.3353,63.852802
156,2020-06-05 05:00:00,63.2453,47.8553,56.206554
157,2020-06-06 05:00:00,65.225296,49.6553,57.766552
158,2020-06-07 05:00:00,67.0253,48.125298,59.165287
159,2020-06-08 05:00:00,68.735306,52.2653,61.569042
160,2020-06-09 05:00:00,70.8053,52.625298,62.911545
161,2020-06-10 05:00:00,70.7153,55.8653,62.83655
162,2020-06-11 05:00:00,68.1053,55.9553,62.32281
163,2020-06-12 05:00:00,79.085304,60.0953,71.28905
164,2020-06-13 05:00:00,82.5953,64.9553,74.4803
165,2020-06-14 05:00:00,75.9353,58.7453,68.349045
166,2020-06-15 05:00:00,75.5753,54.4253,66.106544
167,2020-06-16 05:00:00,78.0053,58.7453,68.780304
168,2020-06-17 05:00:00,81.8753,64.8653,73.94031
169,2020-06-18 05:00:00,78.3653,60.635303,69.012794
170,2020-06-19 05:00:00,69.1853,61.3553,64.81655
171,2020-06-20 05:00:00,66.8453,58.115303,61.689056
172,2020-06-21 05:00:00,73.0553,52.985302,62.91155
173,2020-06-22 05:00:00,77.2853,54.875298,66.99531
174,2020-06-23 05:00:00,74.765305,54.6953,65.74655
175,2020-06-24 05:00:00,76.3853,61.1753,70.1003
176,2020-06-25 05:00:00,81.335304,63.4253,73.33281
177,2020-06-26 05:00:00,81.0653,63.4253,72.28655
178,2020-06-27 05:00:00,86.6453,67.1153,77.67155
179,2020-06-28 05:00:00,84.0353,64.5053,72.2378
180,2020-06-29 05:00:00,73.9553,59.4653,67.617805
181,2020-06-30 05:00:00,73.3253,62.5253,67.5878
182,2020-07-01 05:00:00,72.8753,60.8153,67.040306
183,2020-07-02 05:00:00,73.235306,59.4653,67.21655
184,2020-07-03 05:00:00,71.7053,58.835304,65.65655
185,2020-07-04 05:00:00,77.1953,62.7953,70.29905
186,2020-07-05 05:00:00,80.3453,62.5253,71.68654
187,2020-07-06 05:00:00,68.4653,52.8053,62.225307
188,2020-07-07 05:00:00,66.7553,54.3353,60.815304
189,2020-07-08 05:00:00,64.1453,54.6053,59.690308
190,2020-07-09 05:00:00,67.7453,57.2153,63.0278
191,2020-07-10 05:00:00,77.3753,51.0953,62.900303
192,2020-07-11 05:00:00,66.8453,50.1053,59.1953
193,2020-07-12 05:00:00,67.5653,50.6453,59.705296
194,2020-07-13 05:00:00,72.2453,53.7953,63.766552
195,2020-07-14 05:00:00,80.6153,59.735302,70.5053
196,2020-07-15 05:00:00,62.5253,54.5153,59.28155
197,2020-07-16 05:00:00,68.015305,52.2653,60.282803
198,2020-07-17 05:00:00,69.2753,56.4053,62.6378
199,2020-07-18 05:00:00,77.8253,58.5653,69.36906
200,2020-07-19 05:00:00,83.0453,62.615303,73.891556
201,2020-07-20 05:00:00,76.5653,56.2253,66.5303
202,2020-07-21 05:00:00,70.985306,52.1753,62.930298
203,2020-07-22 05:00:00,70.265305,55.685303,63.5678
204,2020-07-23 05:00:00,73.1453,56.0453,64.6178
205,2020-07-24 05:00:00,81.7853,56.9453,69.5978
206,2020-07-25 05:00:00,76.3853,61.1753,69.084045
207,2020-07-26 05:00:00,74.3153,59.735302,67.235306
208,2020-07-27 05:00:00,76.655304,61.5353,71.11279
209,2020-07-28 05:00:00,81.155304,59.1953,71.540306
210,2020-07-29 05:00:00,72.335304,53.8853,64.621544
211,2020-07-30 05:00:00,73.6853,54.7853,64.58031
212,2020-07-31 05:00:00,79.6253,57.3953,68.57406
213,2020-08-01 05:00:00,84.0353,60.4553,75.0728
214,2020-08-02 05:00:00,85.1153,59.735302,69.60155
215,2020-08-03 05:00:00,73.9553,54.4253,64.44155
216,2020-08-04 05:00:00,73.5053,52.985302,64.76031
217,2020-08-05 05:00:00,81.6053,57.8453,71.10531
218,2020-08-06 05:00:00,85.7453,63.5153,75.507805
219,2020-08-07 05:00:00,90.3353,69.1853,80.349045
220,2020-08-08 05:00:00,95.9153,72.155304,84.8753
221,2020-08-09 05:00:00,95.3753,70.265305,83.3828
222,2020-08-10 05:00:00,87.725296,68.1053,78.29031
223,2020-08-11 05:00:00,88.8953,65.9453,78.4103
224,2020-08-12 05:00:00,87.1853,66.6653,76.981544
225,2020-08-13 05:00:00,89.0753,68.9153,79.53155
226,2020-08-14 05:00:00,82.8653,66.6653,74.184044
227,2020-08-15 05:00:00,86.1053,66.6653,76.75655
228,2020-08-16 05:00:00,86.9153,65.8553,76.88031
229,2020-08-17 05:00:00,86.735306,67.835304,77.637794
230,2020-08-18 05:00:00,75.0353,62.255302,68.5628
231,2020-08-19 05:00:00,79.6253,61.7153,70.2353
232,2020-08-20 05:00:00,88.1753,63.6953,77.87031
233,2020-08-21 05:00:00,96.005295,71.3453,84.69904
234,2020-08-22 05:00:00,78.5453,62.615303,71.12781
235,2020-08-23 05:00:00,74.8553,59.8253,68.81031
236,2020-08-24 05:00:00,72.4253,56.7653,65.16155
237,2020-08-25 05:00:00,73.4153,57.665302,66.7703
238,2020-08-26 05:00:00,67.1153,60.7253,62.619053
239,2020-08-27 05:00:00,66.5753,54.6053,60.721558
240,2020-08-28 05:00:00,70.1753,56.9453,63.174053
241,2020-08-29 05:00:00,72.6053,57.665302,64.959045
242,2020-08-30 05:00:00,72.7853,58.835304,64.47155
243,2020-08-31 05:00:00,70.3553,50.735302,60.612804
244,2020-09-01 05:00:00,65.0453,51.9053,58.910297
245,2020-09-02 05:00:00,63.7853,53.6153,58.1003
246,2020-09-03 05:00:00,70.085304,55.8653,63.661556
247,2020-09-04 05:00:00,70.6253,61.3553,65.3753
248,2020-09-05 05:00:00,64.235306,52.1753,59.49905
249,2020-09-06 05:00:00,64.6853,48.755302,57.642796
250,2020-09-07 05:00:00,64.7753,50.5553,57.189045
251,2020-09-08 05:00:00,69.6353,54.2453,62.975296
252,2020-09-09 05:00:00,75.485306,52.985302,66.601555
253,2020-09-10 05:00:00,65.3153,48.485302,58.325306
254,2020-09-11 05:00:00,70.6253,48.3053,59.566555
255,2020-09-12 05:00:00,78.6353,49.8353,65.1203
256,2020-09-13 05:00:00,74.9453,54.0653,63.781555
257,2020-09-14 05:00:00,82.6853,53.8853,69.680305
258,2020-09-15 05:00:00,86.5553,59.1053,72.5378
259,2020-09-16 05:00:00,84.0353,57.665302,70.2503
260,2020-09-17 05:00:00,65.0453,42.0053,55.741547
261,2020-09-18 05:00:00,66.3053,42.1853,54.93155
262,2020-09-19 05:00:00,69.0953,44.7053,58.194057
263,2020-09-20 05:00:00,70.3553,47.6753,59.041553
264,2020-09-21 05:00:00,75.2153,47.1353,61.96655
265,2020-09-22 05:00:00,78.6353,51.0953,65.6903
266,2020-09-23 05:00:00,79.5353,57.0353,67.6628
267,2020-09-24 05:00:00,71.4353,55.9553,62.746555
268,2020-09-25 05:00:00,58.9253,50.8253,55.33655
269,2020-09-26 05:00:00,52.5353,44.4353,49.8728
270,2020-09-27 05:00:00,52.5353,45.1553,50.2553
271,2020-09-28 05:00:00,63.335304,45.6953,55.8203
272,2020-09-29 05:00:00,63.875298,45.875298,54.879047
273,2020-09-30 05:00:00,64.6853,46.055298,55.9328
274,2020-10-01 05:00:00,61.625298,50.2853,56.40155
275,2020-10-02 05:00:00,62.5253,53.8853,57.73279
276,2020-10-03 05:00:00,70.8953,52.625298,62.68655
277,2020-10-04 05:00:00,65.6753,46.505302,54.867798
278,2020-10-05 05:00:00,60.005302,48.125298,53.589054
279,2020-10-06 05:00:00,61.085304,50.1953,55.52405
280,2020-10-07 05:00:00,60.4553,49.9253,53.660294
281,2020-10-08 05:00:00,58.5653,49.1153,55.576553
282,2020-10-09 05:00:00,59.0153,51.005302,54.676556
283,2020-10-10 05:00:00,54.1553,39.9353,48.196552
284,2020-10-11 05:00:00,52.2653,41.1953,46.355305
285,2020-10-12 05:00:00,52.5353,40.8353,46.145306
286,2020-10-13 05:00:00,53.6153,37.4153,48.5903
287,2020-10-14 05:00:00,51.0953,49.2953,50.5253
288,2020-10-15 05:00:00,53.6153,45.3353,50.60405
289,2020-10-16 05:00:00,52.3553,44.9753,48.110302
290,2020-10-17 05:00:00,51.9953,43.265297,47.360302
291,2020-10-18 05:00:00,49.4753,44.2553,46.861546
292,2020-10-19 05:00:00,52.4453,41.015297,46.33655
293,2020-10-20 05:00:00,53.3453,41.9153,50.345303
294,2020-10-21 05:00:00,61.1753,50.8253,57.189045
295,2020-10-22 05:00:00,66.3953,53.9753,59.911556
296,2020-10-23 05:00:00,61.985302,52.2653,56.38654
297,2020-10-24 05:00:00,60.9053,50.8253,55.486553
298,2020-10-25 05:00:00,61.985302,50.2853,54.75905
299,2020-10-26 05:00:00,54.6953,45.7853,51.256546
300,2020-10-27 05:00:00,54.6953,45.6053,49.535297
301,2020-10-28 05:00:00,55.5953,47.7653,51.080296
302,2020-10-29 05:00:00,51.9053,44.7053,48.519054
303,2020-10-30 05:00:00,56.4953,47.5853,54.447796
304,2020-10-31 05:00:00,59.1953,49.9253,55.501553
305,2020-11-01 05:00:00,58.7453,50.1953,55.565308
306,2020-11-02 05:00:00,67.7453,55.505302,62.244053
307,2020-11-03 05:00:00,55.1453,46.3253,51.114048
308,2020-11-04 05:00:00,51.8153,39.5753,45.410294
309,2020-11-05 05:00:00,50.375298,39.0353,46.752796
310,2020-11-06 05:00:00,53.1653,45.6953,48.691555
311,2020-11-07 05:00:00,51.8153,33.8153,42.489056
312,2020-11-08 05:00:00,50.1953,33.8153,41.795296
313,2020-11-09 05:00:00,44.7953,41.2853,42.665302
314,2020-11-10 05:00:00,44.9753,41.1953,42.4778
315,2020-11-11 05:00:00,45.2453,40.2953,42.549046
316,2020-11-12 05:00:00,49.8353,42.3653,45.777805
317,2020-11-13 05:00:00,51.3653,42.0053,47.112797
318,2020-11-14 05:00:00,56.9453,47.6753,51.155304
319,2020-11-15 05:00:00,57.5753,44.9753,49.632797
320,2020-11-16 05:00:00,52.8953,47.4953,49.647808
321,2020-11-17 05:00:00,51.3653,44.7953,49.891552
322,2020-11-18 05:00:00,53.7053,47.3153,50.030304
323,2020-11-19 05:00:00,53.7053,37.325302,46.197803
324,2020-11-20 05:00:00,42.5453,31.7453,37.186554
325,2020-11-21 05:00:00,44.075302,35.7053,41.29655
326,2020-11-22 05:00:00,49.8353,42.2753,45.3728
327,2020-11-23 05:00:00,47.1353,34.7153,41.746548
328,2020-11-24 05:00:00,43.805298,31.3853,36.74405
329,2020-11-25 05:00:00,39.4853,32.1053,35.551544
330,2020-11-26 05:00:00,45.1553,34.7153,42.189045
331,2020-11-27 05:00:00,44.3453,35.7953,39.909046
332,2020-11-28 05:00:00,41.7353,30.8453,36.455296
333,2020-11-29 05:00:00,41.1053,31.0253,35.994053
334,2020-11-30 05:00:00,37.4153,32.6453,34.66655
335,2020-12-01 05:00:00,39.2153,30.1253,35.221546
336,2020-12-02 05:00:00,35.7053,25.8053,30.091555
337,2020-12-03 05:00:00,32.7353,27.3353,30.631552
338,2020-12-04 05:00:00,39.1253,29.8553,34.962803
339,2020-12-05 05:00:00,45.7853,34.2653,38.851547
340,2020-12-06 05:00:00,51.2753,42.1853,46.9928
341,2020-12-07 05:00:00,50.0153,35.6153,42.252804
342,2020-12-08 05:00:00,43.9853,34.1753,38.394054
343,2020-12-09 05:00:00,40.1153,31.4753,35.1203
344,2020-12-10 05:00:00,32.1053,30.3053,31.0178
345,2020-12-11 05:00:00,34.4453,30.3953,32.4503
346,2020-12-12 05:00:00,38.8553,32.6453,34.959053
347,2020-12-13 05:00:00,39.2153,33.5453,37.0328
348,2020-12-14 05:00:00,44.6153,36.9653,41.1503
349,2020-12-15 05:00:00,45.875298,38.0453,43.077793
350,2020-12-16 05:00:00,47.6753,37.2353,42.792805
351,2020-12-17 05:00:00,46.4153,36.0653,41.465298
352,2020-12-18 05:00:00,45.6953,34.5353,38.9903
353,2020-12-19 05:00:00,42.6353,34.7153,38.0378
354,2020-12-20 05:00:00,40.7453,34.9853,38.9078
355,2020-12-21 05:00:00,43.8953,37.7753,40.452797
356,2020-12-22 05:00:00,54.7853,42.8153,48.5528
357,2020-12-23 05:00:00,49.7453,42.5453,45.991547
358,2020-12-24 05:00:00,48.485302,37.1453,41.259052
359,2020-12-25 05:00:00,37.6853,31.3853,35.165295
360,2020-12-26 05:00:00,36.4253,28.8653,34.18655
361,2020-12-27 05:00:00,35.8853,33.5453,34.610302
362,2020-12-28 05:00:00,39.8453,33.8153,36.30155
363,2020-12-29 05:00:00,39.1253,32.1953,35.2553
364,2020-12-30 05:00:00,40.2953,31.2053,35.13905
365,2020-12-31 05:00:00,39.305298,32.2853,34.75655
366,2021-01-01 05:00:00,35.8853,30.6653,33.534046
367,2021-01-02 05:00:00,36.7853,30.2153,32.6603
368,2021-01-03 05:00:00,33.4553,31.5653,32.81029
369,2021-01-04 05:00:00,34.2653,31.4753,32.907803
370,2021-01-05 05:00:00,37.1453,33.2753,35.31905
371,2021-01-06 05:00:00,34.9853,33.0053,33.8303
372,2021-01-07 05:00:00,35.0753,32.8253,33.665302
373,2021-01-08 05:00:00,34.7153,29.4953,32.679054
374,2021-01-09 05:00:00,36.3353,32.0153,33.792797
375,2021-01-10 05:00:00,34.7153,30.9353,32.67155
376,2021-01-11 05:00:00,35.7053,32.4653,33.886547
377,2021-01-12 05:00:00,35.9753,31.6553,33.62405
378,2021-01-13 05:00:00,37.4153,31.3853,33.90905
379,2021-01-14 05:00:00,36.7853,30.4853,33.5378
380,2021-01-15 05:00:00,31.5653,25.445301,28.962801
381,2021-01-16 05:00:00,30.1253,26.7953,28.554047
382,2021-01-17 05:00:00,31.1153,23.5553,27.342804
383,2021-01-18 05:00:00,36.3353,26.1653,32.49155
384,2021-01-19 05:00:00,44.075302,34.2653,37.621548
385,2021-01-20 05:00:00,46.055298,36.5153,42.13655
386,2021-01-21 05:00:00,54.3353,41.825302,48.282806
387,2021-01-22 05:00:00,50.375298,29.9453,40.482803
388,2021-01-23 05:00:00,36.2453,31.0253,33.8003
389,2021-01-24 05:00:00,34.5353,32.1953,32.960297
390,2021-01-25 05:00:00,36.4253,28.6853,32.58905
391,2021-01-26 05:00:00,36.6053,27.695301,32.589054
392,2021-01-27 05:00:00,38.8553,31.8353,34.692802
393,2021-01-28 05:00:00,38.3153,24.4553,32.0378
394,2021-01-29 05:00:00,31.2053,22.9253,28.887802
395,2021-01-30 05:00:00,34.3553,14.4653,27.627798
396,2021-01-31 05:00:00,30.8453,11.2253,21.6053
397,2021-02-01 05:00:00,33.1853,19.415298,28.4153
398,2021-02-02 05:00:00,34.6253,32.0153,33.114048
399,2021-02-03 05:00:00,46.4153,33.5453,40.0928
400,2021-02-04 05:00:00,33.8153,31.8353,32.69405
401,2021-02-05 05:00:00,33.4553,28.9553,31.201548
402,2021-02-06 05:00:00,31.6553,20.765299,26.881552
403,2021-02-07 05:00:00,21.8453,15.635302,19.824049
404,2021-02-08 05:00:00,16.2653,6.9953003,13.981549
405,2021-02-09 05:00:00,19.415298,6.0953007,14.202802
406,2021-02-10 05:00:00,21.665298,5.195301,15.144052
407,2021-02-11 05:00:00,26.1653,6.1853027,17.330297
408,2021-02-12 05:00:00,26.0753,5.8252983,14.161549
409,2021-02-13 05:00:00,29.8553,8.615299,18.410301
410,2021-02-14 05:00:00,24.4553,5.5553017,14.720303
411,2021-02-15 05:00:00,32.6453,9.0653,25.6328
412,2021-02-16 05:00:00,36.6953,33.4553,34.89905
413,2021-02-17 05:00:00,44.8853,33.4553,38.9303
414,2021-02-18 05:00:00,50.375298,35.5253,42.361553
415,2021-02-19 05:00:00,48.755302,29.9453,38.547802
416,2021-02-20 05:00:00,54.0653,32.1053,42.51905
417,2021-02-21 05:00:00,58.385303,33.6353,44.157803
418,2021-02-22 05:00:00,52.3553,32.8253,40.355305
419,2021-02-23 05:00:00,61.7153,35.9753,49.782803
420,2021-02-24 05:00:00,64.1453,43.265297,51.845295
421,2021-02-25 05:00:00,63.9653,42.8153,51.6503
422,2021-02-26 05:00:00,48.3953,38.7653,43.809048
423,2021-02-27 05:00:00,45.2453,35.4353,40.160297
424,2021-02-28 05:00:00,42.7253,34.9853,39.230297
425,2021-03-01 05:00:00,45.2453,29.4053,37.104046
426,2021-03-02 05:00:00,51.185303,26.9753,39.189053
427,2021-03-03 05:00:00,56.0453,27.2453,43.344055
428,2021-03-04 05:00:00,38.5853,29.4953,36.40655
429,2021-03-05 05:00:00,41.9153,25.8053,32.821552
430,2021-03-06 05:00:00,38.4953,26.7953,34.977802
431,2021-03-07 05:00:00,39.3953,27.5153,36.3203
432,2021-03-08 05:00:00,41.375298,23.915298,31.490297
433,2021-03-09 05:00:00,42.0953,24.185299,31.299051
434,2021-03-10 05:00:00,45.1553,23.915298,36.5453
435,2021-03-11 05:00:00,50.375298,38.4053,44.01155
436,2021-03-12 05:00:00,49.2053,39.305298,43.381546
437,2021-03-13 05:00:00,49.2053,38.5853,43.092804
438,2021-03-14 05:00:00,46.9553,36.0653,40.1978
439,2021-03-15 05:00:00,45.875298,35.3453,39.852795
440,2021-03-16 05:00:00,44.5253,30.2153,36.64655
441,2021-03-17 05:00:00,41.4653,26.1653,34.629055
442,2021-03-18 05:00:00,44.075302,29.9453,35.851555
443,2021-03-19 05:00:00,39.305298,24.8153,31.246552
444,2021-03-20 05:00:00,39.1253,28.0553,35.945297
445,2021-03-21 05:00:00,48.485302,32.5553,39.7703
446,2021-03-22 05:00:00,49.0253,31.2053,41.285305
447,2021-03-23 05:00:00,45.6953,36.6953,41.495304
448,2021-03-24 05:00:00,52.3553,33.6353,42.560303
449,2021-03-25 05:00:00,57.935303,33.0053,47.48405
450,2021-03-26 05:00:00,59.1053,38.8553,48.657795
451,2021-03-27 05:00:00,50.735302,34.8953,42.3578
452,2021-03-28 05:00:00,52.1753,34.2653,47.307796
453,2021-03-29 05:00:00,63.875298,44.4353,53.034046
454,2021-03-30 05:00:00,67.9253,40.8353,54.807804
455,2021-03-31 05:00:00,71.0753,39.8453,55.677807
456,2021-04-01 05:00:00,62.5253,36.1553,48.7028
457,2021-04-02 05:00:00,52.985302,36.5153,43.0403
458,2021-04-03 05:00:00,48.125298,27.9653,38.945293
459,2021-04-04 05:00:00,49.3853,29.0453,42.44405
460,2021-04-05 05:00:00,43.265297,30.1253,36.8828
461,2021-04-06 05:00:00,42.7253,29.3153,36.10655
462,2021-04-07 05:00:00,43.4453,31.9253,37.4003
463,2021-04-08 05:00:00,45.1553,34.2653,39.5753
464,2021-04-09 05:00:00,54.0653,34.6253,44.91155
465,2021-04-10 05:00:00,49.2953,40.7453,44.81404
466,2021-04-11 05:00:00,66.0353,38.4053,51.189045
467,2021-04-12 05:00:00,46.3253,30.8453,39.110294
468,2021-04-13 05:00:00,47.4953,31.6553,39.9503
469,2021-04-14 05:00:00,46.1453,32.3753,39.04655
470,2021-04-15 05:00:00,44.7953,34.7153,39.605297
471,2021-04-16 05:00:00,50.4653,37.5053,43.539047
472,2021-04-17 05:00:00,56.3153,39.8453,46.9778
473,2021-04-18 05:00:00,53.6153,40.2053,45.87155
474,2021-04-19 05:00:00,61.8953,37.4153,49.456547
475,2021-04-20 05:00:00,62.255302,36.6953,48.957798
476,2021-04-21 05:00:00,60.5453,37.8653,48.99155
477,2021-04-22 05:00:00,50.6453,39.0353,44.641544
478,2021-04-23 05:00:00,54.0653,39.7553,45.496555
479,2021-04-24 05:00:00,50.2853,37.0553,43.95155
480,2021-04-25 05:00:00,49.4753,28.2353,39.47405
481,2021-04-26 05:00:00,48.3953,28.8653,39.455296
482,2021-04-27 05:00:00,53.3453,33.0053,44.532803
483,2021-04-28 05:00:00,61.8953,38.5853,51.75906
484,2021-04-29 05:00:00,61.085304,45.0653,51.395298
485,2021-04-30 05:00:00,51.9953,42.8153,46.891552
486,2021-05-01 05:00:00,54.6953,42.8153,48.095295
487,2021-05-02 05:00:00,53.0753,39.7553,46.152798
488,2021-05-03 05:00:00,51.0953,40.2053,45.534054
489,2021-05-04 05:00:00,57.485302,45.4253,50.945293
490,2021-05-05 05:00:00,54.4253,39.6653,46.96655
491,2021-05-06 05:00:00,51.5453,39.5753,45.30905
492,2021-05-07 05:00:00,48.125298,38.1353,42.384052
493,2021-05-08 05:00:00,56.4053,40.9253,51.0428
494,2021-05-09 05:00:00,75.8453,51.9953,64.69654
495,2021-05-10 05:00:00,82.5053,55.235302,67.65156
496,2021-05-11 05:00:00,80.8853,53.5253,67.03655
497,2021-05-12 05:00:00,60.5453,51.9053,56.54404
498,2021-05-13 05:00:00,56.0453,50.735302,52.790295
499,2021-05-14 05:00:00,54.2453,42.3653,49.689056
500,2021-05-15 05:00:00,63.5153,45.5153,54.987793
501,2021-05-16 05:00:00,61.3553,45.875298,54.057796
502,2021-05-17 05:00:00,63.6053,47.4953,55.407795
503,2021-05-18 05:00:00,58.7453,44.5253,52.629055
504,2021-05-19 05:00:00,61.085304,46.055298,53.641544
505,2021-05-20 05:00:00,60.8153,48.485302,54.342793
506,2021-05-21 05:00:00,66.7553,48.5753,57.582806
507,2021-05-22 05:00:00,62.255302,48.5753,55.381546
508,2021-05-23 05:00:00,60.185303,45.0653,52.80156
509,2021-05-24 05:00:00,68.6453,50.6453,61.467804
510,2021-05-25 05:00:00,59.2853,47.0453,53.146557
511,2021-05-26 05:00:00,59.4653,46.5953,53.135303
512,2021-05-27 05:00:00,59.4653,47.6753,53.180298
513,2021-05-28 05:00:00,60.4553,44.7053,51.946552
514,2021-05-29 05:00:00,62.165302,43.8953,54.215305
515,2021-05-30 05:00:00,65.6753,42.2753,54.984055
516,2021-05-31 05:00:00,68.5553,47.6753,58.88405
517,2021-06-01 05:00:00,73.1453,51.5453,62.4803
518,2021-06-02 05:00:00,74.765305,53.255302,64.90281
519,2021-06-03 05:00:00,78.725296,59.6453,69.51905
520,2021-06-04 05:00:00,73.6853,56.0453,65.8103
521,2021-06-05 05:00:00,81.0653,59.1053,71.29279
522,2021-06-06 05:00:00,81.155304,56.1353,70.569046
523,2021-06-07 05:00:00,79.4453,57.935303,69.71781
524,2021-06-08 05:00:00,78.6353,53.6153,69.155304
525,2021-06-09 05:00:00,79.265305,60.5453,70.5878
526,2021-06-10 05:00:00,81.4253,61.1753,72.054054
527,2021-06-11 05:00:00,80.2553,64.1453,72.170296
528,2021-06-12 05:00:00,68.6453,52.3553,62.65656
529,2021-06-13 05:00:00,66.2153,49.2053,59.067814
530,2021-06-14 05:00:00,78.3653,56.2253,68.87405
531,2021-06-15 05:00:00,76.2053,54.0653,66.380295
532,2021-06-16 05:00:00,80.975296,58.7453,71.88529
533,2021-06-17 05:00:00,90.78529,68.1053,80.7428
534,2021-06-18 05:00:00,92.225296,69.9953,82.460304
535,2021-06-19 05:00:00,94.2053,69.8153,82.591545
536,2021-06-20 05:00:00,91.4153,69.0053,81.62781
537,2021-06-21 05:00:00,87.5453,66.0353,77.169044
538,2021-06-22 05:00:00,70.085304,56.4953,64.966545
539,2021-06-23 05:00:00,69.1853,56.7653,63.211548
540,2021-06-24 05:00:00,68.8253,57.0353,63.414047
541,2021-06-25 05:00:00,73.235306,57.3953,66.8453
542,2021-06-26 05:00:00,78.0053,55.4153,67.145294
543,2021-06-27 05:00:00,78.6353,61.7153,70.2878
544,2021-06-28 05:00:00,85.7453,66.9353,76.97031
545,2021-06-29 05:00:00,84.485306,65.405304,74.25904
546,2021-06-30 05:00:00,66.485306,60.185303,63.684048
547,2021-07-01 05:00:00,63.6953,58.2953,60.81905
548,2021-07-02 05:00:00,72.4253,59.0153,65.97905
549,2021-07-03 05:00:00,73.5053,58.9253,65.9153
550,2021-07-04 05:00:00,76.1153,62.615303,70.055305
551,2021-07-05 05:00:00,73.1453,60.0953,66.762794
552,2021-07-06 05:00:00,83.4953,64.4153,72.466545
553,2021-07-07 05:00:00,71.2553,60.2753,65.20655
554,2021-07-08 05:00:00,71.4353,62.435303,66.5903
555,2021-07-09 05:00:00,68.6453,58.835304,63.909054
556,2021-07-10 05:00:00,74.1353,59.8253,66.4553
557,2021-07-11 05:00:00,78.8153,63.1553,71.20279
558,2021-07-12 05:00:00,77.3753,63.2453,68.85531
559,2021-07-13 05:00:00,82.8653,65.9453,74.72405
560,2021-07-14 05:00:00,79.985306,60.7253,70.19781
561,2021-07-15 05:00:00,77.2853,63.0653,70.67405
562,2021-07-16 05:00:00,82.5053,68.1953,74.67904
563,2021-07-17 05:00:00,79.6253,61.8953,71.58529
564,2021-07-18 05:00:00,78.0953,57.485302,70.00281
565,2021-07-19 05:00:00,67.3853,55.505302,61.715298
566,2021-07-20 05:00:00,68.2853,57.935303,63.5153
567,2021-07-21 05:00:00,70.5353,61.8953,65.967804
568,2021-07-22 05:00:00,71.4353,58.0253,66.06529
569,2021-07-23 05:00:00,75.1253,58.9253,66.451546
570,2021-07-24 05:00:00,82.4153,65.1353,75.286545
571,2021-07-25 05:00:00,83.585304,66.485306,74.48405
572,2021-07-26 05:00:00,83.4953,66.3053,74.8328
573,2021-07-27 05:00:00,79.3553,62.7053,72.43656
574,2021-07-28 05:00:00,75.3053,64.3253,69.6053
575,2021-07-29 05:00:00,75.0353,56.9453,67.227806
576,2021-07-30 05:00:00,78.2753,60.4553,70.20529
577,2021-07-31 05:00:00,75.485306,58.7453,68.1953
578,2021-08-01 05:00:00,70.985306,57.935303,64.56155
579,2021-08-02 05:00:00,71.0753,54.875298,63.26404
580,2021-08-03 05:00:00,69.6353,58.0253,64.12655
581,2021-08-04 05:00:00,70.8053,56.8553,64.1003
582,2021-08-05 05:00:00,73.0553,58.6553,64.9253
583,2021-08-06 05:00:00,74.8553,59.375298,65.975296
584,2021-08-07 05:00:00,74.0453,60.4553,67.6703
585,2021-08-08 05:00:00,73.0553,56.1353,65.44655
586,2021-08-09 05:00:00,73.6853,56.3153,64.7678
587,2021-08-10 05:00:00,71.5253,57.935303,64.715294
588,2021-08-11 05:00:00,71.1653,55.0553,63.395294
589,2021-08-12 05:00:00,79.7153,58.6553,70.23156
590,2021-08-13 05:00:00,83.585304,59.375298,73.310295
591,2021-08-14 05:00:00,79.7153,57.485302,69.4253
592,2021-08-15 05:00:00,77.735306,61.3553,69.59779
593,2021-08-16 05:00:00,74.8553,55.1453,64.05155
594,2021-08-17 05:00:00,64.7753,55.9553,60.249054
595,2021-08-18 05:00:00,66.485306,56.7653,63.065296
596,2021-08-19 05:00:00,69.2753,60.0953,64.47906
597,2021-08-20 05:00:00,69.0053,54.1553,62.3678
598,2021-08-21 05:00:00,71.3453,56.6753,64.812805
599,2021-08-22 05:00:00,72.0653,59.8253,64.68905
600,2021-08-23 05:00:00,69.2753,53.7053,61.6778
601,2021-08-24 05:00:00,69.0953,46.685303,59.341553
602,2021-08-25 05:00:00,72.155304,49.3853,61.27655
603,2021-08-26 05:00:00,61.985302,53.1653,56.9378
604,2021-08-27 05:00:00,61.085304,52.625298,56.05655
605,2021-08-28 05:00:00,65.765305,53.3453,60.099056
606,2021-08-29 05:00:00,66.3053,54.875298,59.319046
607,2021-08-30 05:00:00,62.7953,56.2253,59.510303
608,2021-08-31 05:00:00,67.5653,52.985302,59.829056
609,2021-09-01 05:00:00,70.3553,54.0653,61.85405
610,2021-09-02 05:00:00,69.6353,51.5453,60.342804
611,2021-09-03 05:00:00,72.7853,49.9253,60.94279
612,2021-09-04 05:00:00,65.0453,51.8153,59.011555
613,2021-09-05 05:00:00,70.8053,55.0553,62.645306
614,2021-09-06 05:00:00,71.6153,54.7853,62.679047
615,2021-09-07 05:00:00,70.5353,51.5453,62.180298
616,2021-09-08 05:00:00,75.0353,52.625298,64.8353
617,2021-09-09 05:00:00,78.5453,55.3253,67.45655
618,2021-09-10 05:00:00,77.015305,61.085304,68.34156
619,2021-09-11 05:00:00,72.7853,60.8153,65.817795
620,2021-09-12 05:00:00,70.8053,56.6753,64.085304
621,2021-09-13 05:00:00,66.8453,52.7153,60.035297
622,2021-09-14 05:00:00,70.8053,53.1653,62.472805
623,2021-09-15 05:00:00,76.475296,59.2853,67.092804
624,2021-09-16 05:00:00,65.3153,57.935303,62.01906
625,2021-09-17 05:00:00,62.7053,53.8853,57.785297
626,2021-09-18 05:00:00,64.235306,49.5653,57.3878
627,2021-09-19 05:00:00,60.365303,46.055298,54.042797
628,2021-09-20 05:00:00,59.375298,45.0653,53.29655
629,2021-09-21 05:00:00,59.915302,50.1953,55.314045
630,2021-09-22 05:00:00,61.985302,51.6353,56.74281
631,2021-09-23 05:00:00,66.3953,51.8153,59.37906
632,2021-09-24 05:00:00,63.0653,53.0753,60.03906
633,2021-09-25 05:00:00,69.8153,55.5953,62.570297
634,2021-09-26 05:00:00,74.9453,57.0353,65.7278
635,2021-09-27 05:00:00,70.5353,60.0953,64.179054
636,2021-09-28 05:00:00,62.9753,52.8053,57.6653
637,2021-09-29 05:00:00,61.5353,48.8453,55.970295
638,2021-09-30 05:00:00,58.385303,46.055298,52.13405
639,2021-10-01 05:00:00,63.7853,45.875298,54.822803
640,2021-10-02 05:00:00,67.2053,48.8453,60.132797
641,2021-10-03 05:00:00,71.3453,59.1953,64.28406
642,2021-10-04 05:00:00,59.2853,51.9053,56.0378
643,2021-10-05 05:00:00,60.365303,51.8153,54.984055
644,2021-10-06 05:00:00,60.9053,42.5453,52.224045
645,2021-10-07 05:00:00,62.7953,41.7353,54.080296
646,2021-10-08 05:00:00,60.4553,41.375298,50.74655
647,2021-10-09 05:00:00,57.8453,37.0553,46.921555
648,2021-10-10 05:00:00,56.1353,36.1553,45.1253
649,2021-10-11 05:00:00,56.5853,41.375298,49.137802
650,2021-10-12 05:00:00,53.255302,39.6653,45.946552
651,2021-10-13 05:00:00,53.0753,39.4853,47.2928
652,2021-10-14 05:00:00,55.0553,48.3953,52.107803
653,2021-10-15 05:00:00,56.7653,41.7353,48.582798
654,2021-10-16 05:00:00,52.0853,43.0853,47.7503
655,2021-10-17 05:00:00,53.435303,42.3653,49.3253
656,2021-10-18 05:00:00,59.8253,45.4253,51.631546
657,2021-10-19 05:00:00,60.5453,45.3353,55.90655
658,2021-10-20 05:00:00,65.9453,55.235302,61.122803
659,2021-10-21 05:00:00,61.5353,42.9953,50.9453
660,2021-10-22 05:00:00,50.4653,41.2853,44.859043
661,2021-10-23 05:00:00,51.6353,35.9753,43.5053
662,2021-10-24 05:00:00,53.5253,34.3553,43.47905
663,2021-10-25 05:00:00,52.4453,36.6053,44.345303
664,2021-10-26 05:00:00,56.4953,45.6053,51.106556
665,2021-10-27 05:00:00,58.7453,45.5153,52.741547
666,2021-10-28 05:00:00,59.4653,42.0053,49.707798
667,2021-10-29 05:00:00,57.3053,41.015297,47.7653
668,2021-10-30 05:00:00,58.385303,41.2853,50.971558
669,2021-10-31 05:00:00,62.435303,47.4953,54.04655
670,2021-11-01 05:00:00,54.0653,46.5953,50.251553
671,2021-11-02 05:00:00,51.8153,38.4953,44.682804
672,2021-11-03 05:00:00,50.8253,38.4053,44.345303
673,2021-11-04 05:00:00,47.5853,41.9153,45.342793
674,2021-11-05 05:00:00,49.4753,44.7953,46.38904
675,2021-11-06 05:00:00,52.3553,44.9753,48.19655
676,2021-11-07 05:00:00,50.2853,44.7053,47.07904
677,2021-11-08 05:00:00,50.4653,46.3253,47.40155
678,2021-11-09 05:00:00,51.4553,35.3453,44.22905
679,2021-11-10 05:00:00,47.0453,32.7353,38.84405
680,2021-11-11 05:00:00,45.7853,33.1853,42.8903
681,2021-11-12 05:00:00,46.9553,36.2453,41.780304
682,2021-11-13 05:00:00,47.1353,36.3353,40.722805
683,2021-11-14 05:00:00,43.7153,39.0353,41.814053
684,2021-11-15 05:00:00,43.625298,36.5153,40.8503
685,2021-11-16 05:00:00,46.7753,35.7053,42.147797
686,2021-11-17 05:00:00,45.2453,40.6553,42.856552
687,2021-11-18 05:00:00,50.1953,41.9153,47.2253
688,2021-11-19 05:00:00,53.7053,50.735302,52.11156
689,2021-11-20 05:00:00,51.9053,47.1353,49.726547
690,2021-11-21 05:00:00,47.5853,37.8653,43.3703
691,2021-11-22 05:00:00,42.2753,31.1153,36.03905
692,2021-11-23 05:00:00,44.7953,39.7553,42.93155
693,2021-11-24 05:00:00,45.6053,38.4053,42.77405
694,2021-11-25 05:00:00,40.9253,33.7253,38.112804
695,2021-11-26 05:00:00,42.0053,31.3853,36.13655
696,2021-11-27 05:00:00,37.8653,30.9353,34.467796
697,2021-11-28 05:00:00,37.8653,27.9653,32.896545
698,2021-11-29 05:00:00,37.4153,31.7453,34.4378
699,2021-11-30 05:00:00,42.2753,33.4553,38.01155
700,2021-12-01 05:00:00,47.0453,37.325302,42.7178
701,2021-12-02 05:00:00,37.7753,27.2453,32.31155
702,2021-12-03 05:00:00,37.5053,30.3053,34.4603
703,2021-12-04 05:00:00,36.7853,33.4553,35.0828
704,2021-12-05 05:00:00,34.7153,28.9553,33.2753
705,2021-12-06 05:00:00,35.9753,27.6053,31.269053
706,2021-12-07 05:00:00,33.8153,27.6053,30.5903
707,2021-12-08 05:00:00,32.9153,27.695301,30.080297
708,2021-12-09 05:00:00,30.8453,27.785301,29.000298
709,2021-12-10 05:00:00,32.6453,22.0253,28.9403
710,2021-12-11 05:00:00,32.7353,24.2753,29.78405
711,2021-12-12 05:00:00,38.4053,29.9453,35.086548
712,2021-12-13 05:00:00,45.4253,38.9453,43.4453
713,2021-12-14 05:00:00,45.6953,42.7253,44.2103
714,2021-12-15 05:00:00,47.9453,43.625298,46.43405
715,2021-12-16 05:00:00,47.6753,38.3153,42.5303
716,2021-12-17 05:00:00,43.265297,39.6653,41.2628
717,2021-12-18 05:00:00,44.7053,41.2853,43.03655
718,2021-12-19 05:00:00,44.3453,32.3753,39.714046
719,2021-12-20 05:00:00,38.8553,24.9053,31.475302
720,2021-12-21 05:00:00,33.0053,29.4953,31.370295
721,2021-12-22 05:00:00,31.6553,25.2653,27.830301
722,2021-12-23 05:00:00,36.3353,27.1553,31.850304
723,2021-12-24 05:00:00,38.4053,18.425299,30.6278
724,2021-12-25 05:00:00,26.7953,12.575298,20.409048
725,2021-12-26 05:00:00,25.7153,13.7453,20.26655
726,2021-12-27 05:00:00,31.2053,24.7253,27.564047
727,2021-12-28 05:00:00,35.7053,26.5253,32.712803
728,2021-12-29 05:00:00,41.2853,33.0953,37.171547
729,2021-12-30 05:00:00,54.0653,43.805298,50.29655
730,2021-12-31 05:00:00,55.505302,51.4553,53.1878
731,2022-01-01 05:00:00,53.7953,46.055298,50.311543
732,2022-01-02 05:00:00,53.0753,45.875298,49.516552
733,2022-01-03 05:00:00,49.3853,42.0953,45.631546
734,2022-01-04 05:00:00,44.7953,37.5053,41.660305
735,2022-01-05 05:00:00,40.2053,33.2753,37.6928
736,2022-01-06 05:00:00,37.0553,26.7053,30.466547
737,2022-01-07 05:00:00,36.6053,30.2153,33.84905
738,2022-01-08 05:00:00,36.9653,29.1353,32.12405
739,2022-01-09 05:00:00,38.5853,30.3053,35.2403
740,2022-01-10 05:00:00,39.6653,24.5453,33.62405
741,2022-01-11 05:00:00,31.0253,23.2853,28.359049
742,2022-01-12 05:00:00,37.9553,28.9553,34.56155
743,2022-01-13 05:00:00,41.825302,37.9553,39.470303
744,2022-01-14 05:00:00,44.4353,30.9353,38.585304
745,2022-01-15 05:00:00,37.325302,29.1353,32.285297
746,2022-01-16 05:00:00,42.1853,30.3053,37.01405
747,2022-01-17 05:00:00,42.5453,29.6753,35.836548
748,2022-01-18 05:00:00,42.0953,31.2953,38.58155
749,2022-01-19 05:00:00,40.2053,34.0853,37.6478
750,2022-01-20 05:00:00,36.3353,27.875301,31.83905
751,2022-01-21 05:00:00,38.7653,25.8953,33.1403
752,2022-01-22 05:00:00,39.7553,33.7253,36.755302
753,2022-01-23 05:00:00,43.1753,40.0253,41.270298
754,2022-01-24 05:00:00,42.0053,38.1353,40.284054
755,2022-01-25 05:00:00,39.4853,38.0453,38.960304
756,2022-01-26 05:00:00,38.6753,35.7953,37.2803
757,2022-01-27 05:00:00,42.7253,37.8653,39.852802
758,2022-01-28 05:00:00,43.265297,35.0753,38.206543
759,2022-01-29 05:00:00,47.4953,37.6853,42.9053
760,2022-01-30 05:00:00,44.7953,34.8053,39.939045
761,2022-01-31 05:00:00,38.1353,29.4053,33.8228
762,2022-02-01 05:00:00,42.3653,33.8153,38.461548
763,2022-02-02 05:00:00,43.265297,32.1953,37.531548
764,2022-02-03 05:00:00,43.3553,36.2453,41.09405
765,2022-02-04 05:00:00,46.5953,35.9753,42.2753
766,2022-02-05 05:00:00,41.7353,36.0653,39.530296
767,2022-02-06 05:00:00,45.5153,35.4353,40.4678
768,2022-02-07 05:00:00,42.7253,34.8053,38.33405
769,2022-02-08 05:00:00,47.1353,38.3153,45.174046
770,2022-02-09 05:00:00,48.935303,44.2553,46.989056
771,2022-02-10 05:00:00,49.0253,37.6853,42.58655
772,2022-02-11 05:00:00,41.7353,27.0653,35.806545
773,2022-02-12 05:00:00,40.7453,26.0753,33.204044
774,2022-02-13 05:00:00,45.3353,30.0353,39.057796
775,2022-02-14 05:00:00,54.3353,38.1353,45.755295
776,2022-02-15 05:00:00,47.7653,39.9353,42.8228
777,2022-02-16 05:00:00,53.435303,41.825302,47.16905
778,2022-02-17 05:00:00,45.9653,38.4053,42.81155
779,2022-02-18 05:00:00,50.5553,37.5053,43.989048
780,2022-02-19 05:00:00,43.805298,37.5953,40.1678
781,2022-02-20 05:00:00,48.2153,38.6753,43.94405
782,2022-02-21 05:00:00,42.7253,36.5153,40.002804
783,2022-02-22 05:00:00,45.4253,38.1353,42.046555
784,2022-02-23 05:00:00,48.2153,34.1753,40.81655
785,2022-02-24 05:00:00,50.735302,34.3553,43.13405
786,2022-02-25 05:00:00,43.4453,34.0853,38.4428
787,2022-02-26 05:00:00,43.805298,27.1553,35.619053
788,2022-02-27 05:00:00,42.8153,26.8853,33.477802
789,2022-02-28 05:00:00,40.9253,26.5253,32.544052
790,2022-03-01 05:00:00,44.075302,25.445301,32.772797
791,2022-03-02 05:00:00,43.7153,23.7353,33.42155
792,2022-03-03 05:00:00,37.5053,22.9253,31.096552
793,2022-03-04 05:00:00,40.0253,27.9653,34.02155
794,2022-03-05 05:00:00,40.0253,23.8253,31.756552
795,2022-03-06 05:00:00,35.9753,27.9653,32.8478
796,2022-03-07 05:00:00,46.2353,25.3553,34.404045
797,2022-03-08 05:00:00,47.4053,26.2553,36.931553
798,2022-03-09 05:00:00,50.6453,26.0753,36.66155
799,2022-03-10 05:00:00,45.875298,27.785301,35.844044
800,2022-03-11 05:00:00,44.3453,26.8853,34.8578
801,2022-03-12 05:00:00,49.2953,29.4953,37.989048
802,2022-03-13 05:00:00,51.9953,30.0353,41.00405
803,2022-03-14 05:00:00,53.7053,33.4553,44.74655
804,2022-03-15 05:00:00,53.435303,37.7753,45.627804
805,2022-03-16 05:00:00,51.9053,36.7853,43.940296
806,2022-03-17 05:00:00,54.1553,37.325302,47.004044
807,2022-03-18 05:00:00,53.7053,33.8153,43.749043
808,2022-03-19 05:00:00,49.3853,33.2753,41.491547
809,2022-03-20 05:00:00,51.8153,33.8153,42.110294
810,2022-03-21 05:00:00,54.7853,31.9253,42.147797
811,2022-03-22 05:00:00,59.735302,31.2053,43.617798
812,2022-03-23 05:00:00,62.435303,29.9453,44.892807
813,2022-03-24 05:00:00,58.5653,28.6853,43.47905
814,2022-03-25 05:00:00,60.5453,30.6653,47.221554
815,2022-03-26 05:00:00,54.6953,34.2653,45.489048
816,2022-03-27 05:00:00,58.2953,32.4653,46.426556
817,2022-03-28 05:00:00,59.1953,38.4053,47.379044
818,2022-03-29 05:00:00,53.255302,32.9153,43.419052
819,2022-03-30 05:00:00,46.7753,30.5753,40.4003
820,2022-03-31 05:00:00,43.625298,29.7653,38.4053
821,2022-04-01 05:00:00,44.7053,30.3953,36.87905
822,2022-04-02 05:00:00,41.015297,25.8953,34.33655
823,2022-04-03 05:00:00,44.3453,28.4153,37.010303
824,2022-04-04 05:00:00,46.055298,32.9153,40.31405
825,2022-04-05 05:00:00,47.5853,40.3853,45.020306
826,2022-04-06 05:00:00,53.3453,46.9553,50.2028
827,2022-04-07 05:00:00,58.0253,41.825302,48.661556
828,2022-04-08 05:00:00,48.0353,35.8853,42.009052
829,2022-04-09 05:00:00,48.935303,34.6253,41.165302
830,2022-04-10 05:00:00,46.9553,33.6353,39.7253
831,2022-04-11 05:00:00,51.8153,31.6553,42.54155
832,2022-04-12 05:00:00,59.735302,32.7353,49.46405
833,2022-04-13 05:00:00,69.0053,42.5453,55.145298
834,2022-04-14 05:00:00,62.435303,45.0653,52.816547
835,2022-04-15 05:00:00,50.4653,35.2553,43.876553
836,2022-04-16 05:00:00,53.3453,31.2953,42.504055
837,2022-04-17 05:00:00,57.2153,33.3653,45.49655
838,2022-04-18 05:00:00,58.385303,35.9753,47.461548
839,2022-04-19 05:00:00,56.2253,38.0453,46.749054
840,2022-04-20 05:00:00,57.3053,41.555298,48.245304
841,2022-04-21 05:00:00,55.4153,39.7553,48.965298
842,2022-04-22 05:00:00,55.7753,39.2153,49.220303
843,2022-04-23 05:00:00,62.255302,41.555298,52.565296
844,2022-04-24 05:00:00,62.0753,39.1253,51.714046
845,2022-04-25 05:00:00,56.6753,35.6153,47.285305
846,2022-04-26 05:00:00,61.1753,39.7553,52.212803
847,2022-04-27 05:00:00,61.5353,41.4653,51.74779
848,2022-04-28 05:00:00,61.7153,37.2353,51.646557
849,2022-04-29 05:00:00,65.1353,42.8153,55.6253
850,2022-04-30 05:00:00,65.4953,46.2353,55.951553
851,2022-05-01 05:00:00,61.5353,43.265297,52.89905
852,2022-05-02 05:00:00,65.765305,43.9853,55.449055
853,2022-05-03 05:00:00,65.3153,44.7053,54.354053
854,2022-05-04 05:00:00,66.5753,49.2953,57.97655
855,2022-05-05 05:00:00,65.0453,42.9053,55.861546
856,2022-05-06 05:00:00,66.8453,47.3153,58.066555
857,2022-05-07 05:00:00,71.6153,51.6353,61.737797
858,2022-05-08 05:00:00,66.7553,43.265297,56.409054
859,2022-05-09 05:00:00,70.085304,47.3153,59.49155
860,2022-05-10 05:00:00,78.8153,52.7153,68.7353
861,2022-05-11 05:00:00,81.335304,59.0153,69.49656
862,2022-05-12 05:00:00,66.6653,49.0253,59.660297
863,2022-05-13 05:00:00,65.405304,52.3553,58.955303
864,2022-05-14 05:00:00,67.7453,44.1653,58.614056
865,2022-05-15 05:00:00,69.3653,49.2953,59.544037
866,2022-05-16 05:00:00,76.2053,53.1653,66.48155
867,2022-05-17 05:00:00,70.1753,52.8953,61.565304
868,2022-05-18 05:00:00,75.6653,53.5253,65.40905
869,2022-05-19 05:00:00,83.4053,60.5453,73.467804
870,2022-05-20 05:00:00,75.9353,54.5153,67.6253
871,2022-05-21 05:00:00,63.9653,49.1153,58.362797
872,2022-05-22 05:00:00,65.8553,48.5753,57.732807
873,2022-05-23 05:00:00,71.7053,53.1653,64.3328
874,2022-05-24 05:00:00,71.4353,49.0253,61.854046
875,2022-05-25 05:00:00,67.7453,53.9753,61.482803
876,2022-05-26 05:00:00,68.735306,56.6753,62.99406
877,2022-05-27 05:00:00,64.1453,47.4953,56.00781
878,2022-05-28 05:00:00,59.2853,48.755302,54.0578
879,2022-05-29 05:00:00,58.6553,45.9653,52.3853
880,2022-05-30 05:00:00,60.365303,46.055298,53.960297
881,2022-05-31 05:00:00,64.8653,47.5853,57.1778
882,2022-06-01 05:00:00,66.2153,48.6653,57.620296
883,2022-06-02 05:00:00,65.3153,48.5753,57.219055
884,2022-06-03 05:00:00,75.2153,53.435303,66.009056
885,2022-06-04 05:00:00,72.6053,48.3053,62.37155
886,2022-06-05 05:00:00,81.2453,53.3453,71.3903
887,2022-06-06 05:00:00,77.2853,55.4153,66.96905
888,2022-06-07 05:00:00,74.3153,56.4053,65.86654
889,2022-06-08 05:00:00,76.7453,60.635303,69.2528
890,2022-06-09 05:00:00,69.905304,55.5953,64.246544
891,2022-06-10 05:00:00,76.9253,58.5653,67.966545
892,2022-06-11 05:00:00,79.5353,58.2053,70.68905
893,2022-06-12 05:00:00,78.1853,57.8453,68.4428
894,2022-06-13 05:00:00,69.3653,49.8353,59.4128
895,2022-06-14 05:00:00,66.8453,47.2253,58.272808
896,2022-06-15 05:00:00,76.475296,55.1453,66.09905
897,2022-06-16 05:00:00,75.1253,53.9753,65.356544
898,2022-06-17 05:00:00,76.9253,58.6553,69.83405
899,2022-06-18 05:00:00,93.3053,67.655304,80.067795
900,2022-06-19 05:00:00,96.09529,55.4153,74.32281
901,2022-06-20 05:00:00,62.885303,52.3553,58.04781
902,2022-06-21 05:00:00,74.4953,52.8953,64.66654
903,2022-06-22 05:00:00,80.1653,56.2253,69.1778
904,2022-06-23 05:00:00,85.2953,61.3553,74.6753
905,2022-06-24 05:00:00,89.255295,65.405304,76.8953
906,2022-06-25 05:00:00,81.4253,63.7853,72.0353
907,2022-06-26 05:00:00,85.7453,68.8253,76.40406
908,2022-06-27 05:00:00,94.0253,64.3253,80.1578
909,2022-06-28 05:00:00,76.655304,60.185303,68.896545
910,2022-06-29 05:00:00,77.1053,63.335304,70.41905
911,2022-06-30 05:00:00,80.975296,64.6853,72.77781
912,2022-07-01 05:00:00,78.9953,53.7053,65.68281
913,2022-07-02 05:00:00,78.0953,59.4653,68.772804
914,2022-07-03 05:00:00,83.9453,62.9753,74.63406
915,2022-07-04 05:00:00,76.5653,58.2953,69.027794
916,2022-07-05 05:00:00,76.655304,58.4753,68.63405
917,2022-07-06 05:00:00,68.3753,56.7653,63.204056
918,2022-07-07 05:00:00,69.725296,55.0553,61.23531
919,2022-07-08 05:00:00,67.5653,53.7053,62.360302
920,2022-07-09 05:00:00,67.835304,55.3253,61.512806
921,2022-07-10 05:00:00,67.3853,53.8853,60.54155
922,2022-07-11 05:00:00,72.7853,52.5353,63.534046
923,2022-07-12 05:00:00,80.8853,58.115303,69.22655
924,2022-07-13 05:00:00,86.9153,59.735302,72.66155
925,2022-07-14 05:00:00,76.7453,54.1553,65.91905
926,2022-07-15 05:00:00,68.3753,56.4053,62.88905
927,2022-07-16 05:00:00,71.0753,51.3653,62.094044
928,2022-07-17 05:00:00,73.3253,54.6053,64.21655
929,2022-07-18 05:00:00,82.9553,59.915302,73.062805
930,2022-07-19 05:00:00,94.9253,67.2953,82.3403
931,2022-07-20 05:00:00,99.8753,72.515305,87.2678
932,2022-07-21 05:00:00,83.8553,66.6653,73.74155
933,2022-07-22 05:00:00,75.9353,60.7253,69.961555
934,2022-07-23 05:00:00,75.2153,52.8953,64.977806
935,2022-07-24 05:00:00,81.155304,57.5753,71.2478
936,2022-07-25 05:00:00,95.1953,65.225296,78.9128
937,2022-07-26 05:00:00,75.9353,54.2453,65.97155
938,2022-07-27 05:00:00,68.8253,50.2853,61.122803
939,2022-07-28 05:00:00,72.515305,54.2453,64.46404
940,2022-07-29 05:00:00,81.9653,59.915302,71.89655
941,2022-07-30 05:00:00,79.085304,58.5653,69.72905
942,2022-07-31 05:00:00,82.0553,61.985302,74.0528
943,2022-08-01 05:00:00,76.0253,58.9253,68.622795
944,2022-08-02 05:00:00,80.8853,61.8953,71.48405
945,2022-08-03 05:00:00,91.505295,66.3053,80.62656
946,2022-08-04 05:00:00,98.8853,71.2553,86.825294
947,2022-08-05 05:00:00,83.8553,56.3153,70.42281
948,2022-08-06 05:00:00,72.2453,52.1753,63.080303
949,2022-08-07 05:00:00,74.4953,56.1353,66.421555
950,2022-08-08 05:00:00,80.0753,60.365303,70.4378
951,2022-08-09 05:00:00,81.155304,58.0253,70.3478
952,2022-08-10 05:00:00,83.6753,60.0953,72.7928
953,2022-08-11 05:00:00,85.3853,60.2753,74.2853
954,2022-08-12 05:00:00,85.475296,64.1453,75.54905
955,2022-08-13 05:00:00,83.9453,66.485306,72.9503
956,2022-08-14 05:00:00,89.8853,67.3853,78.62405
957,2022-08-15 05:00:00,85.2053,63.9653,74.4203
958,2022-08-16 05:00:00,84.755295,63.2453,76.0478
959,2022-08-17 05:00:00,89.8853,66.3053,80.19154
960,2022-08-18 05:00:00,90.4253,68.5553,79.26905
961,2022-08-19 05:00:00,76.7453,66.0353,70.4228
962,2022-08-20 05:00:00,70.985306,60.4553,66.84905
963,2022-08-21 05:00:00,74.1353,57.8453,65.73531
964,2022-08-22 05:00:00,73.0553,59.1953,66.927795
965,2022-08-23 05:00:00,77.2853,59.735302,67.8053
966,2022-08-24 05:00:00,79.985306,63.335304,71.32281
967,2022-08-25 05:00:00,81.155304,65.225296,73.34405
968,2022-08-26 05:00:00,80.5253,65.3153,71.274055
969,2022-08-27 05:00:00,73.4153,62.7953,68.1203
970,2022-08-28 05:00:00,71.5253,55.1453,64.22031
971,2022-08-29 05:00:00,71.0753,55.5953,63.13655
972,2022-08-30 05:00:00,69.725296,54.3353,62.604053
973,2022-08-31 05:00:00,70.4453,52.5353,62.25905
974,2022-09-01 05:00:00,68.6453,52.8053,60.267796
975,2022-09-02 05:00:00,69.2753,53.1653,61.107807
976,2022-09-03 05:00:00,70.4453,53.7953,63.144054
977,2022-09-04 05:00:00,73.9553,56.4953,65.0153
978,2022-09-05 05:00:00,75.1253,57.935303,65.38656
979,2022-09-06 05:00:00,71.3453,57.3053,64.77155
980,2022-09-07 05:00:00,78.0053,57.0353,66.74406
981,2022-09-08 05:00:00,67.1153,55.685303,61.546555
982,2022-09-09 05:00:00,69.725296,53.7053,62.124043
983,2022-09-10 05:00:00,70.3553,53.435303,60.8078
984,2022-09-11 05:00:00,67.2953,49.4753,58.797806
985,2022-09-12 05:00:00,68.4653,49.7453,60.162807
986,2022-09-13 05:00:00,67.7453,53.1653,59.772797
987,2022-09-14 05:00:00,65.6753,52.625298,58.989048
988,2022-09-15 05:00:00,64.1453,49.6553,57.125305
989,2022-09-16 05:00:00,61.8053,49.1153,55.839046
990,2022-09-17 05:00:00,59.2853,47.8553,52.861546
991,2022-09-18 05:00:00,57.935303,44.9753,50.645298
992,2022-09-19 05:00:00,59.915302,45.4253,51.6203
993,2022-09-20 05:00:00,58.7453,42.5453,50.0078
994,2022-09-21 05:00:00,61.2653,42.1853,51.26404
995,2022-09-22 05:00:00,60.635303,38.5853,50.2928
996,2022-09-23 05:00:00,61.2653,38.5853,53.510303
997,2022-09-24 05:00:00,60.4553,49.0253,54.657803
998,2022-09-25 05:00:00,63.1553,46.5953,55.235302
999,2022-09-26 05:00:00,61.8053,47.0453,55.4378
1000,2022-09-27 05:00:00,55.0553,43.7153,49.467804
1001,2022-09-28 05:00:00,53.7953,40.9253,46.4003
1002,2022-09-29 05:00:00,56.9453,38.4953,47.330296
1003,2022-09-30 05:00:00,60.9053,38.3153,50.799053
1004,2022-10-01 05:00:00,56.2253,46.9553,52.194046
1005,2022-10-02 05:00:00,60.9953,50.1053,54.470303
1006,2022-10-03 05:00:00,59.4653,51.185303,55.1228
1007,2022-10-04 05:00:00,62.885303,48.8453,54.556545
1008,2022-10-05 05:00:00,66.2153,49.0253,59.1953
1009,2022-10-06 05:00:00,63.5153,41.555298,54.11781
1010,2022-10-07 05:00:00,63.0653,41.555298,52.505295
1011,2022-10-08 05:00:00,60.5453,42.0953,51.219044
1012,2022-10-09 05:00:00,59.8253,41.2853,50.142796
1013,2022-10-10 05:00:00,62.5253,43.1753,53.50655
1014,2022-10-11 05:00:00,59.1953,42.9953,50.4128
1015,2022-10-12 05:00:00,59.375298,39.5753,48.282803
1016,2022-10-13 05:00:00,61.7153,40.6553,50.892807
1017,2022-10-14 05:00:00,61.7153,45.5153,54.792805
1018,2022-10-15 05:00:00,64.1453,52.985302,58.385303
1019,2022-10-16 05:00:00,68.1053,50.8253,58.696552
1020,2022-10-17 05:00:00,75.0353,54.1553,63.642803
1021,2022-10-18 05:00:00,60.9953,51.185303,55.666546
1022,2022-10-19 05:00:00,56.9453,38.8553,48.365307
1023,2022-10-20 05:00:00,56.2253,38.5853,48.8378
1024,2022-10-21 05:00:00,59.735302,46.505302,54.556553
1025,2022-10-22 05:00:00,65.405304,48.485302,56.34905
1026,2022-10-23 05:00:00,64.5953,47.8553,57.237793
1027,2022-10-24 05:00:00,67.3853,54.1553,59.465305
1028,2022-10-25 05:00:00,61.1753,43.3553,53.1803
1029,2022-10-26 05:00:00,62.615303,44.7953,53.386547
1030,2022-10-27 05:00:00,66.9353,49.1153,57.69905
1031,2022-10-28 05:00:00,71.1653,55.8653,62.859043
1032,2022-10-29 05:00:00,66.485306,53.6153,59.487804
1033,2022-10-30 05:00:00,69.1853,48.935303,57.579052
1034,2022-10-31 05:00:00,62.885303,51.2753,56.4953
1035,2022-11-01 05:00:00,63.0653,45.875298,53.019047
1036,2022-11-02 05:00:00,58.835304,39.9353,48.69531
1037,2022-11-03 05:00:00,54.3353,41.2853,48.642796
1038,2022-11-04 05:00:00,51.9953,45.6953,48.972797
1039,2022-11-05 05:00:00,52.8053,39.7553,44.9903
1040,2022-11-06 05:00:00,52.0853,39.9353,45.721554
1041,2022-11-07 05:00:00,57.125298,44.4353,51.369053
1042,2022-11-08 05:00:00,60.2753,48.125298,53.855297
1043,2022-11-09 05:00:00,58.6553,49.4753,54.095303
1044,2022-11-10 05:00:00,56.0453,46.2353,50.405304
1045,2022-11-11 05:00:00,54.7853,39.9353,47.877808
1046,2022-11-12 05:00:00,53.6153,37.1453,44.427795
1047,2022-11-13 05:00:00,51.3653,41.1053,45.706547
1048,2022-11-14 05:00:00,51.6353,40.0253,44.51405
1049,2022-11-15 05:00:00,53.5253,40.8353,45.237797
1050,2022-11-16 05:00:00,44.5253,37.9553,41.7953
1051,2022-11-17 05:00:00,41.7353,32.9153,37.741547
1052,2022-11-18 05:00:00,32.9153,21.0353,27.492804
1053,2022-11-19 05:00:00,35.3453,21.3953,30.020302
1054,2022-11-20 05:00:00,33.4553,26.345299,29.47655
1055,2022-11-21 05:00:00,33.5453,26.0753,29.131548
1056,2022-11-22 05:00:00,36.5153,27.875301,32.611546
1057,2022-11-23 05:00:00,43.0853,29.9453,35.322803
1058,2022-11-24 05:00:00,39.8453,27.695301,34.17905
1059,2022-11-25 05:00:00,43.805298,35.2553,40.531548
1060,2022-11-26 05:00:00,46.9553,42.0953,43.99655
1061,2022-11-27 05:00:00,44.2553,36.3353,39.5603
1062,2022-11-28 05:00:00,41.015297,36.8753,38.6603
1063,2022-11-29 05:00:00,41.2853,37.2353,39.387806
1064,2022-11-30 05:00:00,41.015297,30.4853,34.722797
1065,2022-12-01 05:00:00,33.6353,31.0253,32.870304
1066,2022-12-02 05:00:00,35.5253,28.9553,32.0003
1067,2022-12-03 05:00:00,32.2853,28.5953,30.350298
1068,2022-12-04 05:00:00,35.8853,32.3753,33.785297
1069,2022-12-05 05:00:00,37.8653,33.9053,35.7203
1070,2022-12-06 05:00:00,37.1453,33.6353,35.592796
1071,2022-12-07 05:00:00,38.4953,30.0353,34.4378
1072,2022-12-08 05:00:00,37.5953,29.4053,33.9428
1073,2022-12-09 05:00:00,33.9953,24.9953,29.146553
1074,2022-12-10 05:00:00,30.6653,23.7353,27.78905
1075,2022-12-11 05:00:00,29.6753,26.9753,28.291552
1076,2022-12-12 05:00:00,32.1953,25.625301,28.816551
1077,2022-12-13 05:00:00,29.4053,17.8853,24.744051
1078,2022-12-14 05:00:00,28.1453,13.205301,19.66655
1079,2022-12-15 05:00:00,28.3253,15.7253,20.090296
1080,2022-12-16 05:00:00,28.775301,17.2553,25.52405
1081,2022-12-17 05:00:00,28.0553,18.5153,22.707796
1082,2022-12-18 05:00:00,27.5153,18.605299,23.146551
1083,2022-12-19 05:00:00,38.1353,25.0853,34.801548
1084,2022-12-20 05:00:00,45.6953,38.2253,41.83655
1085,2022-12-21 05:00:00,44.2553,37.6853,41.5103
1086,2022-12-22 05:00:00,44.9753,37.7753,41.65655
1087,2022-12-23 05:00:00,43.4453,39.0353,40.666546
1088,2022-12-24 05:00:00,45.0653,38.4053,41.566555
1089,2022-12-25 05:00:00,49.9253,40.8353,44.88155
1090,2022-12-26 05:00:00,50.1953,36.8753,45.316547
1091,2022-12-27 05:00:00,42.2753,35.1653,38.3303
1092,2022-12-28 05:00:00,47.4953,38.0453,43.850296
1093,2022-12-29 05:00:00,54.1553,42.7253,47.769054
1094,2022-12-30 05:00:00,51.7253,39.6653,45.75905
1095,2022-12-31 05:00:00,61.7153,52.2653,58.89906
1096,2023-01-01 05:00:00,59.6453,51.5453,55.392803
1097,2023-01-02 05:00:00,57.935303,42.2753,51.620304
1098,2023-01-03 05:00:00,44.2553,34.0853,39.42155
1099,2023-01-04 05:00:00,50.5553,39.0353,46.6628
1100,2023-01-05 05:00:00,48.3053,39.2153,43.741547
1101,2023-01-06 05:00:00,50.1053,39.6653,44.40155
1102,2023-01-07 05:00:00,50.375298,40.4753,44.61905
1103,2023-01-08 05:00:00,46.9553,40.7453,44.142803
1104,2023-01-09 05:00:00,46.505302,39.0353,41.84405
1105,2023-01-10 05:00:00,45.4253,37.6853,40.884052
1106,2023-01-11 05:00:00,46.4153,41.1053,44.086548
1107,2023-01-12 05:00:00,49.7453,44.075302,47.757797
1108,2023-01-13 05:00:00,50.1953,43.805298,46.40405
1109,2023-01-14 05:00:00,48.485302,43.7153,45.9278
1110,2023-01-15 05:00:00,45.6053,36.6953,42.3803
1111,2023-01-16 05:00:00,44.1653,35.2553,39.34655
1112,2023-01-17 05:00:00,39.6653,24.7253,33.7478
1113,2023-01-18 05:00:00,35.2553,24.7253,29.390299
1114,2023-01-19 05:00:00,35.7053,24.9053,30.47405
1115,2023-01-20 05:00:00,35.4353,24.7253,29.420301
1116,2023-01-21 05:00:00,37.5953,30.6653,34.269047
1117,2023-01-22 05:00:00,35.3453,33.1853,34.182804
1118,2023-01-23 05:00:00,36.6953,26.6153,32.097797
1119,2023-01-24 05:00:00,35.7053,28.775301,32.35655
1120,2023-01-25 05:00:00,35.0753,31.0253,33.0728
1121,2023-01-26 05:00:00,31.9253,30.0353,31.149048
1122,2023-01-27 05:00:00,37.5953,26.9753,32.86655
1123,2023-01-28 05:00:00,35.3453,26.9753,31.71905
1124,2023-01-29 05:00:00,36.5153,33.0053,35.007805
1125,2023-01-30 05:00:00,40.6553,35.8853,38.13155
1126,2023-01-31 05:00:00,41.9153,34.9853,38.9603
1127,2023-02-01 05:00:00,42.0053,35.5253,39.020306
1128,2023-02-02 05:00:00,42.4553,28.8653,36.747795
1129,2023-02-03 05:00:00,46.5953,32.9153,41.7653
1130,2023-02-04 05:00:00,38.6753,22.1153,30.301546
1131,2023-02-05 05:00:00,34.3553,21.665298,26.761545
1132,2023-02-06 05:00:00,33.3653,21.3053,26.4578
1133,2023-02-07 05:00:00,33.9053,18.0653,25.261549
1134,2023-02-08 05:00:00,34.7153,21.935299,27.12905
1135,2023-02-09 05:00:00,37.325302,23.3753,30.526548
1136,2023-02-10 05:00:00,42.7253,30.6653,37.494053
1137,2023-02-11 05:00:00,45.9653,39.8453,43.66655
1138,2023-02-12 05:00:00,46.4153,42.2753,43.7903
1139,2023-02-13 05:00:00,45.6053,35.5253,41.210297
1140,2023-02-14 05:00:00,44.6153,28.1453,35.960304
1141,2023-02-15 05:00:00,46.055298,27.875301,34.68155
1142,2023-02-16 05:00:00,50.2853,30.7553,42.560307
1143,2023-02-17 05:00:00,53.6153,41.9153,46.989048
1144,2023-02-18 05:00:00,49.9253,39.3953,43.242798
1145,2023-02-19 05:00:00,44.4353,33.6353,38.65655
1146,2023-02-20 05:00:00,49.2053,41.375298,46.752796
1147,2023-02-21 05:00:00,52.0853,39.0353,45.9128
1148,2023-02-22 05:00:00,49.9253,38.5853,43.977802
1149,2023-02-23 05:00:00,51.2753,36.8753,44.472794
1150,2023-02-24 05:00:00,39.2153,34.1753,37.02155
1151,2023-02-25 05:00:00,36.7853,28.6853,33.1478
1152,2023-02-26 05:00:00,37.4153,24.8153,31.26155
1153,2023-02-27 05:00:00,39.0353,26.435299,32.99405
1154,2023-02-28 05:00:00,40.5653,22.3853,31.359053
1155,2023-03-01 05:00:00,45.2453,21.5753,32.8628
1156,2023-03-02 05:00:00,41.7353,26.345299,32.1353
1157,2023-03-03 05:00:00,39.0353,27.2453,33.81155
1158,2023-03-04 05:00:00,42.9953,30.2153,37.62905
1159,2023-03-05 05:00:00,39.1253,31.1153,34.71905
1160,2023-03-06 05:00:00,38.6753,27.6053,32.7653
1161,2023-03-07 05:00:00,40.5653,29.2253,34.775303
1162,2023-03-08 05:00:00,38.4953,28.5053,34.0253
1163,2023-03-09 05:00:00,35.7053,32.5553,33.789047
1164,2023-03-10 05:00:00,49.5653,32.9153,37.86905
1165,2023-03-11 05:00:00,38.1353,29.5853,33.7553
1166,2023-03-12 05:00:00,44.1653,28.0553,38.87405
1167,2023-03-13 05:00:00,59.6453,44.3453,52.460308
1168,2023-03-14 05:00:00,56.6753,31.8353,44.07155
1169,2023-03-15 05:00:00,43.7153,28.2353,35.626553
1170,2023-03-16 05:00:00,47.4953,28.2353,39.935307
1171,2023-03-17 05:00:00,55.505302,37.4153,46.426548
1172,2023-03-18 05:00:00,63.1553,40.9253,50.206547
1173,2023-03-19 05:00:00,59.6453,43.4453,50.311558
1174,2023-03-20 05:00:00,53.1653,43.3553,47.99405
1175,2023-03-21 05:00:00,51.9953,43.5353,48.4628
1176,2023-03-22 05:00:00,60.5453,46.505302,53.55531
1177,2023-03-23 05:00:00,58.835304,48.485302,52.955296
1178,2023-03-24 05:00:00,60.5453,45.2453,52.047802
1179,2023-03-25 05:00:00,53.435303,44.3453,48.0578
1180,2023-03-26 05:00:00,51.5453,34.8053,44.360302
1181,2023-03-27 05:00:00,43.265297,31.1153,37.04405
1182,2023-03-28 05:00:00,44.6153,30.6653,37.47905
1183,2023-03-29 05:00:00,51.005302,33.8153,45.4028
1184,2023-03-30 05:00:00,62.255302,44.9753,51.8528
1185,2023-03-31 05:00:00,55.9553,45.1553,49.43031
1186,2023-04-01 05:00:00,48.755302,35.7953,42.3728
1187,2023-04-02 05:00:00,46.055298,30.0353,38.109043
1188,2023-04-03 05:00:00,38.9453,25.9853,34.6253
1189,2023-04-04 05:00:00,42.4553,25.8053,34.700302
1190,2023-04-05 05:00:00,45.0653,26.7953,35.686546
1191,2023-04-06 05:00:00,49.6553,27.9653,40.066547
1192,2023-04-07 05:00:00,42.1853,33.1853,39.8903
1193,2023-04-08 05:00:00,52.8953,32.1053,44.382793
1194,2023-04-09 05:00:00,54.4253,35.4353,43.767803
1195,2023-04-10 05:00:00,59.8253,35.4353,51.440292
1196,2023-04-11 05:00:00,53.9753,31.8353,44.409054
1197,2023-04-12 05:00:00,58.2953,33.7253,49.081543
1198,2023-04-13 05:00:00,54.9653,42.0953,47.9753
1199,2023-04-14 05:00:00,48.2153,42.9953,46.38155
1200,2023-04-15 05:00:00,52.1753,47.3153,49.269054
1201,2023-04-16 05:00:00,51.185303,40.1153,47.266552
1202,2023-04-17 05:00:00,52.1753,38.0453,44.69405
1203,2023-04-18 05:00:00,56.4953,38.0453,46.516544
1204,2023-04-19 05:00:00,52.7153,38.8553,44.315296
1205,2023-04-20 05:00:00,58.835304,41.7353,50.4953
1206,2023-04-21 05:00:00,65.765305,44.7053,55.340298
1207,2023-04-22 05:00:00,69.2753,46.055298,58.63281
1208,2023-04-23 05:00:00,61.5353,48.935303,54.575302
1209,2023-04-24 05:00:00,60.7253,43.9853,52.6628
1210,2023-04-25 05:00:00,50.9153,36.4253,44.7278
1211,2023-04-26 05:00:00,49.6553,35.5253,43.65155
1212,2023-04-27 05:00:00,50.2853,35.1653,42.939045
1213,2023-04-28 05:00:00,59.915302,40.1153,52.636547
1214,2023-04-29 05:00:00,58.2953,38.5853,50.131546
1215,2023-04-30 05:00:00,55.685303,37.1453,46.11905
1216,2023-05-01 05:00:00,63.335304,40.1153,54.140293
1217,2023-05-02 05:00:00,55.0553,39.4853,49.4003
1218,2023-05-03 05:00:00,58.835304,38.0453,48.7553
1219,2023-05-04 05:00:00,62.9753,41.1053,54.5453
1220,2023-05-05 05:00:00,65.405304,47.4053,56.34154
1221,2023-05-06 05:00:00,51.7253,43.0853,47.769054
1222,2023-05-07 05:00:00,59.1053,41.6453,50.682796
1223,2023-05-08 05:00:00,61.985302,44.075302,52.887802
1224,2023-05-09 05:00:00,64.5053,47.0453,56.0303
1225,2023-05-10 05:00:00,70.8053,49.5653,59.7653
1226,2023-05-11 05:00:00,70.7153,53.7953,62.101543
1227,2023-05-12 05:00:00,71.0753,52.985302,61.880295
1228,2023-05-13 05:00:00,71.7053,47.1353,59.55905
1229,2023-05-14 05:00:00,69.9953,46.8653,59.73155
1230,2023-05-15 05:00:00,68.015305,50.5553,59.47656
1231,2023-05-16 05:00:00,60.9053,43.1753,52.29155
1232,2023-05-17 05:00:00,59.1053,40.1153,49.7603
1233,2023-05-18 05:00:00,59.5553,44.3453,52.422802
1234,2023-05-19 05:00:00,64.6853,47.8553,56.86655
1235,2023-05-20 05:00:00,67.3853,52.1753,60.590305
1236,2023-05-21 05:00:00,79.265305,59.735302,69.54905
1237,2023-05-22 05:00:00,77.5553,56.2253,67.92531
1238,2023-05-23 05:00:00,72.4253,49.3853,58.73029
1239,2023-05-24 05:00:00,59.8253,47.0453,53.547802
1240,2023-05-25 05:00:00,65.765305,44.5253,57.43279
1241,2023-05-26 05:00:00,65.765305,43.265297,55.820297
1242,2023-05-27 05:00:00,67.7453,45.6053,57.657806
1243,2023-05-28 05:00:00,72.7853,51.2753,62.540295
1244,2023-05-29 05:00:00,69.9953,45.1553,59.7578
1245,2023-05-30 05:00:00,70.8953,47.7653,60.744053
1246,2023-05-31 05:00:00,75.3953,52.4453,64.25405
1247,2023-06-01 05:00:00,71.0753,49.2053,61.235306
1248,2023-06-02 05:00:00,67.475296,44.7953,56.649048
1249,2023-06-03 05:00:00,67.2953,44.6153,58.03655
1250,2023-06-04 05:00:00,72.8753,50.2853,62.592808
1251,2023-06-05 05:00:00,77.4653,56.4953,68.4878
1252,2023-06-06 05:00:00,77.8253,60.4553,67.899055
1253,2023-06-07 05:00:00,83.0453,61.085304,72.0353
1254,2023-06-08 05:00:00,82.9553,61.085304,73.4753
1255,2023-06-09 05:00:00,83.3153,59.6453,71.1428
1256,2023-06-10 05:00:00,84.0353,57.665302,72.51154
1257,2023-06-11 05:00:00,79.4453,58.115303,70.8953
1258,2023-06-12 05:00:00,77.8253,54.2453,68.81031
1259,2023-06-13 05:00:00,74.585304,52.4453,64.63655
1260,2023-06-14 05:00:00,74.6753,57.485302,66.384056
1261,2023-06-15 05:00:00,73.1453,56.3153,64.711555
1262,2023-06-16 05:00:00,67.835304,53.255302,59.229046
1263,2023-06-17 05:00:00,69.5453,53.1653,62.082798
1264,2023-06-18 05:00:00,76.475296,58.6553,68.0378
1265,2023-06-19 05:00:00,80.7953,61.1753,70.794044
1266,2023-06-20 05:00:00,77.8253,65.765305,70.704056
1267,2023-06-21 05:00:00,82.0553,63.875298,73.2503
1268,2023-06-22 05:00:00,81.0653,64.235306,73.26905
1269,2023-06-23 05:00:00,65.765305,58.7453,63.0578
1270,2023-06-24 05:00:00,76.2953,58.835304,66.852806
1271,2023-06-25 05:00:00,79.4453,64.235306,71.98656
1272,2023-06-26 05:00:00,84.755295,58.0253,71.01905
1273,2023-06-27 05:00:00,68.9153,55.3253,62.082794
1274,2023-06-28 05:00:00,71.7953,53.435303,63.687805
1275,2023-06-29 05:00:00,76.7453,59.5553,69.867805
1276,2023-06-30 05:00:00,70.8953,59.375298,65.65656
1277,2023-07-01 05:00:00,74.8553,60.635303,67.92905
1278,2023-07-02 05:00:00,71.1653,58.115303,64.310295
1279,2023-07-03 05:00:00,70.6253,57.8453,64.58405
1280,2023-07-04 05:00:00,72.155304,55.4153,64.231544
1281,2023-07-05 05:00:00,76.5653,56.5853,66.18906
1282,2023-07-06 05:00:00,72.155304,51.9053,63.822803
1283,2023-07-07 05:00:00,81.4253,58.6553,70.164055
1284,2023-07-08 05:00:00,86.1953,61.8053,74.9678
1285,2023-07-09 05:00:00,88.8953,66.485306,78.732796
1286,2023-07-10 05:00:00,87.6353,61.2653,73.09655
1287,2023-07-11 05:00:00,85.3853,65.3153,77.16905
1288,2023-07-12 05:00:00,81.7853,60.2753,73.8503
1289,2023-07-13 05:00:00,78.0953,56.9453,68.62281
1290,2023-07-14 05:00:00,78.6353,60.8153,71.22155
1291,2023-07-15 05:00:00,94.2053,67.7453,81.414055
1292,2023-07-16 05:00:00,83.6753,59.915302,73.39281
1293,2023-07-17 05:00:00,79.5353,56.4953,69.78156
1294,2023-07-18 05:00:00,75.8453,56.0453,67.310295
1295,2023-07-19 05:00:00,77.5553,57.3953,67.685295
1296,2023-07-20 05:00:00,71.975296,52.8953,63.106552
1297,2023-07-21 05:00:00,69.9953,55.4153,63.08404
1298,2023-07-22 05:00:00,71.0753,58.0253,65.06781
1299,2023-07-23 05:00:00,82.0553,60.4553,69.99531
1300,2023-07-24 05:00:00,81.6053,58.6553,68.7428
1301,2023-07-25 05:00:00,71.4353,53.7953,64.115295
1302,2023-07-26 05:00:00,67.835304,53.6153,60.980312
1303,2023-07-27 05:00:00,68.015305,56.8553,62.90779
1304,2023-07-28 05:00:00,72.4253,59.915302,66.16655
1305,2023-07-29 05:00:00,74.765305,59.1953,66.305305
1306,2023-07-30 05:00:00,74.765305,59.1053,65.79155
1307,2023-07-31 05:00:00,68.2853,59.5553,64.295296
1308,2023-08-01 05:00:00,70.085304,58.2953,63.879047
1309,2023-08-02 05:00:00,72.515305,59.735302,66.4703
1310,2023-08-03 05:00:00,73.9553,61.4453,67.20155
1311,2023-08-04 05:00:00,70.8953,57.125298,64.3478
1312,2023-08-05 05:00:00,69.9953,58.4753,64.48281
1313,2023-08-06 05:00:00,63.7853,56.3153,60.0428
1314,2023-08-07 05:00:00,66.5753,54.2453,60.2003
1315,2023-08-08 05:00:00,67.655304,54.1553,59.877796
1316,2023-08-09 05:00:00,67.9253,52.985302,59.727802
1317,2023-08-10 05:00:00,68.5553,51.005302,60.425293
1318,2023-08-11 05:00:00,76.5653,56.2253,67.75279
1319,2023-08-12 05:00:00,80.5253,62.165302,71.01905
1320,2023-08-13 05:00:00,78.4553,61.4453,70.00655
1321,2023-08-14 05:00:00,84.755295,63.335304,73.9553
1322,2023-08-15 05:00:00,85.475296,65.8553,75.5153
1323,2023-08-16 05:00:00,80.3453,63.7853,72.2528
1324,2023-08-17 05:00:00,77.9153,63.9653,70.65905
1325,2023-08-18 05:00:00,84.8453,65.8553,73.790306
1326,2023-08-19 05:00:00,87.725296,67.2953,77.94904
1327,2023-08-20 05:00:00,84.0353,66.6653,74.6153
1328,2023-08-21 05:00:00,80.3453,63.6053,72.37656
1329,2023-08-22 05:00:00,78.2753,60.365303,69.8153
1330,2023-08-23 05:00:00,79.8953,59.915302,70.04404
1331,2023-08-24 05:00:00,82.5953,61.5353,74.99029
1332,2023-08-25 05:00:00,85.0253,66.3053,73.329056
1333,2023-08-26 05:00:00,77.2853,54.9653,67.4903
1334,2023-08-27 05:00:00,70.6253,55.0553,63.440304
1335,2023-08-28 05:00:00,66.7553,55.1453,62.049053
1336,2023-08-29 05:00:00,61.8953,55.9553,58.767796
1337,2023-08-30 05:00:00,67.655304,56.3153,61.269054
1338,2023-08-31 05:00:00,64.9553,52.0853,58.111557
1339,2023-09-01 05:00:00,68.8253,50.375298,60.946545
1340,2023-09-02 05:00:00,71.3453,51.8153,63.3053
1341,2023-09-03 05:00:00,69.0053,52.8953,61.4753
1342,2023-09-04 05:00:00,75.6653,53.7053,65.7203
1343,2023-09-05 05:00:00,80.3453,55.505302,68.56655
1344,2023-09-06 05:00:00,83.1353,56.4953,70.59528
1345,2023-09-07 05:00:00,83.225296,60.0953,71.559044
1346,2023-09-08 05:00:00,83.9453,59.5553,71.40905
1347,2023-09-09 05:00:00,86.2853,56.2253,71.56655
1348,2023-09-10 05:00:00,86.3753,56.4053,72.06155
1349,2023-09-11 05:00:00,86.1953,57.5753,73.1303
1350,2023-09-12 05:00:00,85.3853,58.7453,73.0553
1351,2023-09-13 05:00:00,74.8553,53.7053,65.7578
1352,2023-09-14 05:00:00,69.3653,51.0953,59.9378
1353,2023-09-15 05:00:00,73.3253,51.7253,64.4078
1354,2023-09-16 05:00:00,77.5553,55.505302,66.25279
1355,2023-09-17 05:00:00,80.8853,57.0353,70.16405
1356,2023-09-18 05:00:00,82.0553,62.255302,70.71905
1357,2023-09-19 05:00:00,69.1853,60.635303,64.5578
1358,2023-09-20 05:00:00,76.3853,58.2953,66.69905
1359,2023-09-21 05:00:00,82.235306,57.755302,70.809044
1360,2023-09-22 05:00:00,67.475296,55.3253,61.512802
1361,2023-09-23 05:00:00,64.9553,50.6453,58.145294
1362,2023-09-24 05:00:00,66.8453,48.755302,57.369038
1363,2023-09-25 05:00:00,70.7153,48.485302,60.7778
1364,2023-09-26 05:00:00,75.3053,53.5253,64.7978
1365,2023-09-27 05:00:00,78.725296,54.2453,67.07406
1366,2023-09-28 05:00:00,78.3653,57.5753,67.235306
1367,2023-09-29 05:00:00,74.1353,54.6053,65.3078
1368,2023-09-30 05:00:00,66.7553,54.0653,59.502796
1369,2023-10-01 05:00:00,67.9253,56.0453,61.659054
1370,2023-10-02 05:00:00,76.3853,55.685303,65.476555
1371,2023-10-03 05:00:00,75.9353,53.8853,62.885303
1372,2023-10-04 05:00:00,63.2453,53.7953,58.05905
1373,2023-10-05 05:00:00,61.3553,51.6353,56.375305
1374,2023-10-06 05:00:00,64.1453,52.1753,60.665302
1375,2023-10-07 05:00:00,63.5153,52.1753,58.340305
1376,2023-10-08 05:00:00,57.755302,48.8453,52.790302
1377,2023-10-09 05:00:00,53.8853,48.6653,51.6203
1378,2023-10-10 05:00:00,62.3453,53.5253,59.0603
1379,2023-10-11 05:00:00,72.6953,58.6553,66.170296
1380,2023-10-12 05:00:00,60.365303,52.8953,57.001553
1381,2023-10-13 05:00:00,69.8153,55.5953,65.37905
1382,2023-10-14 05:00:00,65.765305,45.4253,53.825302
1383,2023-10-15 05:00:00,51.2753,40.4753,46.1678
1384,2023-10-16 05:00:00,50.8253,37.2353,43.726547
1385,2023-10-17 05:00:00,50.8253,32.3753,42.121548
1386,2023-10-18 05:00:00,53.1653,32.4653,45.095303
1387,2023-10-19 05:00:00,47.0453,43.5353,45.009045
1388,2023-10-20 05:00:00,45.0653,41.2853,42.987797
1389,2023-10-21 05:00:00,63.0653,43.625298,52.55405
1390,2023-10-22 05:00:00,60.635303,47.6753,54.706543
1391,2023-10-23 05:00:00,58.835304,46.7753,52.400303
1392,2023-10-24 05:00:00,57.5753,49.2053,52.932796
1393,2023-10-25 05:00:00,56.2253,48.3053,50.9753
1394,2023-10-26 05:00:00,52.5353,47.0453,49.561554
1395,2023-10-27 05:00:00,51.7253,47.4053,48.84905
1396,2023-10-28 05:00:00,53.5253,47.1353,49.57655
1397,2023-10-29 05:00:00,61.1753,50.375298,55.2728
1398,2023-10-30 05:00:00,59.6453,51.4553,54.774048
1399,2023-10-31 05:00:00,55.1453,44.7053,50.424053
1400,2023-11-01 05:00:00,58.0253,43.7153,51.661556
1401,2023-11-02 05:00:00,57.2153,47.1353,52.081547
1402,2023-11-03 05:00:00,51.9053,44.5253,48.4778
1403,2023-11-04 05:00:00,52.0853,44.075302,48.24155
1404,2023-11-05 05:00:00,54.3353,46.5953,50.090298
1405,2023-11-06 05:00:00,54.6953,46.055298,50.04155
1406,2023-11-07 05:00:00,53.435303,43.3553,47.46905
1407,2023-11-08 05:00:00,51.4553,42.8153,46.1678
1408,2023-11-09 05:00:00,52.985302,45.7853,49.2803
1409,2023-11-10 05:00:00,51.4553,38.3153,44.566547
1410,2023-11-11 05:00:00,48.3953,37.6853,42.234047
1411,2023-11-12 05:00:00,46.2353,36.9653,41.40155
1412,2023-11-13 05:00:00,49.8353,35.0753,44.487804
1413,2023-11-14 05:00:00,54.875298,47.7653,51.08405
1414,2023-11-15 05:00:00,47.3153,40.4753,44.660297
1415,2023-11-16 05:00:00,47.4953,33.9053,41.086544
1416,2023-11-17 05:00:00,42.3653,36.5153,39.81905
1417,2023-11-18 05:00:00,43.265297,35.2553,39.410294
1418,2023-11-19 05:00:00,52.8053,40.4753,47.5778
1419,2023-11-20 05:00:00,51.8153,40.6553,47.649048
1420,2023-11-21 05:00:00,39.4853,27.1553,34.69655
1421,2023-11-22 05:00:00,40.9253,24.6353,31.869047
1422,2023-11-23 05:00:00,51.4553,39.3953,47.015305
1423,2023-11-24 05:00:00,41.1053,32.5553,36.721546
1424,2023-11-25 05:00:00,37.4153,27.1553,32.577797
1425,2023-11-26 05:00:00,33.5453,26.6153,29.34155
1426,2023-11-27 05:00:00,34.9853,28.775301,32.15405
1427,2023-11-28 05:00:00,32.2853,22.1153,28.115303
1428,2023-11-29 05:00:00,33.4553,20.6753,30.1103
1429,2023-11-30 05:00:00,30.0353,17.7953,22.377798
1430,2023-12-01 05:00:00,26.8853,18.1553,23.184052
1431,2023-12-02 05:00:00,28.8653,24.2753,26.76905
1432,2023-12-03 05:00:00,30.3053,22.0253,26.2928
1433,2023-12-04 05:00:00,30.5753,22.8353,27.087801
1434,2023-12-05 05:00:00,31.9253,28.3253,30.346544
1435,2023-12-06 05:00:00,33.0953,30.3953,32.1953
1436,2023-12-07 05:00:00,33.9053,31.4753,32.3978
1437,2023-12-08 05:00:00,34.4453,30.4853,33.06155
1438,2023-12-09 05:00:00,40.3853,34.1753,36.47405
1439,2023-12-10 05:00:00,46.5953,35.2553,42.462795
1440,2023-12-11 05:00:00,47.3153,42.6353,44.63405
1441,2023-12-12 05:00:00,44.075302,37.1453,40.415302
1442,2023-12-13 05:00:00,41.015297,37.5053,39.462803
1443,2023-12-14 05:00:00,38.0453,31.6553,35.956547
1444,2023-12-15 05:00:00,43.265297,31.5653,39.361553
1445,2023-12-16 05:00:00,46.5953,40.9253,44.96405
1446,2023-12-17 05:00:00,49.6553,42.0053,45.504047
1447,2023-12-18 05:00:00,45.2453,41.1953,43.46405
1448,2023-12-19 05:00:00,45.2453,43.1753,44.3378
1449,2023-12-20 05:00:00,45.0653,39.305298,41.409054
1450,2023-12-21 05:00:00,47.7653,36.7853,42.99905
1451,2023-12-22 05:00:00,39.9353,32.9153,36.3128
1452,2023-12-23 05:00:00,37.5053,33.7253,35.61905
1453,2023-12-24 05:00:00,51.2753,35.6153,48.282795
1454,2023-12-25 05:00:00,50.5553,46.4153,48.2603
1455,2023-12-26 05:00:00,49.3853,37.2353,44.315304
1456,2023-12-27 05:00:00,47.3153,34.9853,40.1228
1457,2023-12-28 05:00:00,50.2853,45.3353,46.955303
1458,2023-12-29 05:00:00,51.2753,43.5353,47.5853
1459,2023-12-30 05:00:00,45.3353,38.1353,41.780304
1460,2023-12-31 05:00:00,45.5153,37.325302,42.08405
1461,2024-01-01 05:00:00,45.3353,36.6953,40.925297
1462,2024-01-02 05:00:00,48.125298,36.5153,42.320297
1463,2024-01-03 05:00:00,51.0953,44.6153,47.274048
1464,2024-01-04 05:00:00,44.7953,28.0553,35.664047
1465,2024-01-05 05:00:00,33.8153,31.1153,32.8103
1466,2024-01-06 05:00:00,32.5553,25.8053,30.009054
1467,2024-01-07 05:00:00,31.3853,16.0853,24.35405
1468,2024-01-08 05:00:00,25.0853,14.195301,19.0178
1469,2024-01-09 05:00:00,24.8153,13.115299,18.1328
1470,2024-01-10 05:00:00,28.775301,16.535301,21.25655
1471,2024-01-11 05:00:00,31.6553,24.4553,29.469055
1472,2024-01-12 05:00:00,34.5353,30.1253,31.797796
1473,2024-01-13 05:00:00,35.9753,34.3553,35.1278
1474,2024-01-14 05:00:00,37.2353,33.5453,34.83905
1475,2024-01-15 05:00:00,36.0653,24.4553,32.1203
1476,2024-01-16 05:00:00,33.9953,24.8153,29.195297
1477,2024-01-17 05:00:00,31.7453,23.8253,27.9428
1478,2024-01-18 05:00:00,32.9153,22.7453,26.469048
1479,2024-01-19 05:00:00,35.3453,26.7953,31.359053
1480,2024-01-20 05:00:00,37.5053,23.3753,31.359053
1481,2024-01-21 05:00:00,40.3853,24.2753,33.582798
1482,2024-01-22 05:00:00,47.9453,38.6753,42.6878
1483,2024-01-23 05:00:00,46.3253,36.5153,41.056553
1484,2024-01-24 05:00:00,50.735302,42.8153,46.850296
1485,2024-01-25 05:00:00,47.0453,36.7853,42.38405
1486,2024-01-26 05:00:00,48.3953,35.8853,41.367798
1487,2024-01-27 05:00:00,44.1653,27.9653,37.8803
1488,2024-01-28 05:00:00,43.5353,28.1453,34.7828
1489,2024-01-29 05:00:00,46.8653,31.7453,37.95155
1490,2024-01-30 05:00:00,46.9553,33.9053,42.44405
1491,2024-01-31 05:00:00,44.2553,34.8953,39.762802
1492,2024-02-01 05:00:00,46.055298,39.6653,42.8378
1493,2024-02-02 05:00:00,48.0353,38.9453,43.955303
1494,2024-02-03 05:00:00,50.735302,41.825302,47.157803
1495,2024-02-04 05:00:00,49.4753,41.555298,45.575302
1496,2024-02-05 05:00:00,48.935303,46.505302,47.896557
1497,2024-02-06 05:00:00,50.6453,39.1253,48.2003
